<!DOCTYPE sqlMap PUBLIC "-//ibatis.apache.org//DTD SQL Map 2.0//EN" "http://ibatis.apache.org/dtd/sql-map-2.dtd">
<sqlMap namespace="worktask.wtAssistunit">
  
  <!--搜索 （twg）-->
  <select id="query" parameterClass="java.util.HashMap" resultClass="java.util.HashMap" remapResults="true">
     SELECT at_assistunit_id, wa.dt_dept_id, wa.dt_dept_id as dept_id, wa.worktask_id, wa.at_dept_id, at_start_time, at_end_time, at_task, at_evaluate, 
	at_explain, at_update_time, at_update_user, at_problem, at_remark ,sdd.dept_name AS at_dept_name
	,ww.task_num,ww.importance,ww.title,ww.task_status,pt.wpt_alias,ww.launch_time,ww.total_schedule as dt_schedule,ww.evaluate as dt_schedule_evaluate,
	ww.task_content,ww.wt_opt_type,ww.wt_opt_date
	FROM wt_assistunit wa
	INNER JOIN mb_sys_dept sdd ON sdd.dept_id=wa.at_dept_id
	LEFT JOIN wt_worktask ww ON wa.worktask_id=ww.worktask_id
	LEFT JOIN wt_project_type pt ON pt.wpt_type_id=ww.wpt_type_id
	WHERE 1 = 1 
     <dynamic prepend="">
       <isNotNull property="at_assistunit_id">
          <isNotEmpty property="at_assistunit_id" prepend="AND"> at_assistunit_id = #at_assistunit_id# </isNotEmpty>
       </isNotNull>
       <isNotNull property="dt_dept_id">
          <isNotEmpty property="dt_dept_id" prepend="AND"> dt_dept_id = #dt_dept_id# </isNotEmpty>
       </isNotNull>
       <isNotNull property="worktask_id">
          <isNotEmpty property="worktask_id" prepend="AND"> wa.worktask_id = #worktask_id# </isNotEmpty>
       </isNotNull>
       <isNotNull property="at_dept_id">
          <isNotEmpty property="at_dept_id" prepend="AND"> at_dept_id = #at_dept_id# </isNotEmpty>
       </isNotNull>
       <isNotNull property="at_start_time">
          <isNotEmpty property="at_start_time" prepend="AND"> at_start_time = #at_start_time# </isNotEmpty>
       </isNotNull>
       <isNotNull property="at_end_time">
          <isNotEmpty property="at_end_time" prepend="AND"> at_end_time = #at_end_time# </isNotEmpty>
       </isNotNull>
       <isNotNull property="at_task">
          <isNotEmpty property="at_task" prepend="AND"> at_task = #at_task# </isNotEmpty>
       </isNotNull>
       <isNotNull property="at_evaluate">
          <isNotEmpty property="at_evaluate" prepend="AND"> at_evaluate = #at_evaluate# </isNotEmpty>
       </isNotNull>
       <isNotNull property="at_explain">
          <isNotEmpty property="at_explain" prepend="AND"> at_explain = #at_explain# </isNotEmpty>
       </isNotNull>
       <isNotNull property="at_update_time">
          <isNotEmpty property="at_update_time" prepend="AND"> at_update_time = #at_update_time# </isNotEmpty>
       </isNotNull>
       <isNotNull property="at_update_user">
          <isNotEmpty property="at_update_user" prepend="AND"> at_update_user = #at_update_user# </isNotEmpty>
       </isNotNull>
       <isNotNull property="at_problem">
          <isNotEmpty property="at_problem" prepend="AND"> at_problem = #at_problem# </isNotEmpty>
       </isNotNull>
       <isNotNull property="at_remark">
          <isNotEmpty property="at_remark" prepend="AND"> at_remark = #at_remark# </isNotEmpty>
       </isNotNull>
       <isNotNull property="start_time">
          <isNotEmpty property="start_time" prepend="AND"> <![CDATA[ ww.launch_time >= #start_time# ]]></isNotEmpty>
       </isNotNull>
       <isNotNull property="end_time">
          <isNotEmpty property="end_time" prepend="AND"> <![CDATA[  ww.launch_time <= #end_time# ]]></isNotEmpty>
       </isNotNull>
       <isNotNull property="wpt_type_id">
          <isNotEmpty property="wpt_type_id" prepend="AND"> pt.wpt_type_id = #wpt_type_id# </isNotEmpty>
       </isNotNull>
       <isNotNull property="task_num">
          <isNotEmpty property="task_num" prepend="AND"> ww.task_num like '%$task_num$%' </isNotEmpty>
       </isNotNull>
       <isNotNull property="title">
          <isNotEmpty property="title" prepend="AND"> ww.title like '%$title$%' </isNotEmpty>
       </isNotNull>
       <isNotNull property="login_user_id">
          <isNotEmpty property="login_user_id" prepend="AND"> wa.at_dept_id IN (SELECT msud.dept_id FROM mb_sys_user_dept msud WHERE msud.user_id=#login_user_id#) </isNotEmpty>
       </isNotNull>
     </dynamic>
  </select>
  
  <!--创建 （twg）-->
  <insert id="create" parameterClass="java.util.HashMap">
    INSERT INTO wt_assistunit (at_assistunit_id
    <dynamic prepend="">
        <isNotNull property="dt_dept_id">
	  		<isNotEmpty property="dt_dept_id" prepend=",">dt_dept_id</isNotEmpty>
        </isNotNull>
        <isNotNull property="worktask_id">
	  		<isNotEmpty property="worktask_id" prepend=",">worktask_id</isNotEmpty>
        </isNotNull>
        <isNotNull property="at_dept_id">
	  		<isNotEmpty property="at_dept_id" prepend=",">at_dept_id</isNotEmpty>
        </isNotNull>
        <isNotNull property="at_start_time">
	  		<isNotEmpty property="at_start_time" prepend=",">at_start_time</isNotEmpty>
        </isNotNull>
        <isNotNull property="at_end_time">
	  		<isNotEmpty property="at_end_time" prepend=",">at_end_time</isNotEmpty>
        </isNotNull>
        <isNotNull property="at_task">
	  		<isNotEmpty property="at_task" prepend=",">at_task</isNotEmpty>
        </isNotNull>
        <isNotNull property="at_evaluate">
	  		<isNotEmpty property="at_evaluate" prepend=",">at_evaluate</isNotEmpty>
        </isNotNull>
        <isNotNull property="at_explain">
	  		<isNotEmpty property="at_explain" prepend=",">at_explain</isNotEmpty>
        </isNotNull>
        <isNotNull property="at_update_time">
	  		<isNotEmpty property="at_update_time" prepend=",">at_update_time</isNotEmpty>
        </isNotNull>
        <isNotNull property="at_update_user">
	  		<isNotEmpty property="at_update_user" prepend=",">at_update_user</isNotEmpty>
        </isNotNull>
        <isNotNull property="at_problem">
	  		<isNotEmpty property="at_problem" prepend=",">at_problem</isNotEmpty>
        </isNotNull>
        <isNotNull property="at_remark">
	  		<isNotEmpty property="at_remark" prepend=",">at_remark</isNotEmpty>
        </isNotNull>
    </dynamic>
    ) VALUES (#at_assistunit_id#
    <dynamic prepend="">
        <isNotNull property="dt_dept_id">
           <isNotEmpty property="dt_dept_id" prepend=",">#dt_dept_id#</isNotEmpty>
        </isNotNull>
        <isNotNull property="worktask_id">
           <isNotEmpty property="worktask_id" prepend=",">#worktask_id#</isNotEmpty>
        </isNotNull>
        <isNotNull property="at_dept_id">
           <isNotEmpty property="at_dept_id" prepend=",">#at_dept_id#</isNotEmpty>
        </isNotNull>
        <isNotNull property="at_start_time">
           <isNotEmpty property="at_start_time" prepend=",">#at_start_time#</isNotEmpty>
        </isNotNull>
        <isNotNull property="at_end_time">
           <isNotEmpty property="at_end_time" prepend=",">#at_end_time#</isNotEmpty>
        </isNotNull>
        <isNotNull property="at_task">
           <isNotEmpty property="at_task" prepend=",">#at_task#</isNotEmpty>
        </isNotNull>
        <isNotNull property="at_evaluate">
           <isNotEmpty property="at_evaluate" prepend=",">#at_evaluate#</isNotEmpty>
        </isNotNull>
        <isNotNull property="at_explain">
           <isNotEmpty property="at_explain" prepend=",">#at_explain#</isNotEmpty>
        </isNotNull>
        <isNotNull property="at_update_time">
           <isNotEmpty property="at_update_time" prepend=",">#at_update_time#</isNotEmpty>
        </isNotNull>
        <isNotNull property="at_update_user">
           <isNotEmpty property="at_update_user" prepend=",">#at_update_user#</isNotEmpty>
        </isNotNull>
        <isNotNull property="at_problem">
           <isNotEmpty property="at_problem" prepend=",">#at_problem#</isNotEmpty>
        </isNotNull>
        <isNotNull property="at_remark">
           <isNotEmpty property="at_remark" prepend=",">#at_remark#</isNotEmpty>
        </isNotNull>
    </dynamic>
    )
  </insert>
  
  <!--修改 （twg）-->
  <update id="modify" parameterClass="java.util.HashMap">
    UPDATE wt_assistunit SET at_assistunit_id = #at_assistunit_id#
    <dynamic prepend="">
        <isNotNull property="dt_dept_id">
           <isNotEmpty property="dt_dept_id" prepend=",">dt_dept_id = #dt_dept_id#</isNotEmpty>
        </isNotNull>
        <isNotNull property="worktask_id">
           <isNotEmpty property="worktask_id" prepend=",">worktask_id = #worktask_id#</isNotEmpty>
        </isNotNull>
        <isNotNull property="at_dept_id">
           <isNotEmpty property="at_dept_id" prepend=",">at_dept_id = #at_dept_id#</isNotEmpty>
        </isNotNull>
        <isNotNull property="at_start_time">
           <isNotEmpty property="at_start_time" prepend=",">at_start_time = #at_start_time#</isNotEmpty>
        </isNotNull>
        <isNotNull property="at_end_time">
           <isNotEmpty property="at_end_time" prepend=",">at_end_time = #at_end_time#</isNotEmpty>
        </isNotNull>
        <isNotNull property="at_task">
           <isNotEmpty property="at_task" prepend=",">at_task = #at_task#</isNotEmpty>
        </isNotNull>
        <isNotNull property="at_evaluate">
           <isNotEmpty property="at_evaluate" prepend=",">at_evaluate = #at_evaluate#</isNotEmpty>
        </isNotNull>
        <isNotNull property="at_explain">
           <isNotEmpty property="at_explain" prepend=",">at_explain = #at_explain#</isNotEmpty>
        </isNotNull>
        <isNotNull property="at_update_time">
           <isNotEmpty property="at_update_time" prepend=",">at_update_time = #at_update_time#</isNotEmpty>
        </isNotNull>
        <isNotNull property="at_update_user">
           <isNotEmpty property="at_update_user" prepend=",">at_update_user = #at_update_user#</isNotEmpty>
        </isNotNull>
        <isNotNull property="at_problem">
           <isNotEmpty property="at_problem" prepend=",">at_problem = #at_problem#</isNotEmpty>
        </isNotNull>
        <isNotNull property="at_remark">
           <isNotEmpty property="at_remark" prepend=",">at_remark = #at_remark#</isNotEmpty>
        </isNotNull>
    </dynamic>
    WHERE at_assistunit_id = #at_assistunit_id#
  </update>

  <!--删除 （twg）-->
  <update id="remove" parameterClass="java.util.HashMap">
    DELETE FROM wt_assistunit WHERE worktask_id = #worktask_id#
  </update>
</sqlMap>  