<!DOCTYPE sqlMap PUBLIC "-//ibatis.apache.org//DTD SQL Map 2.0//EN" "http://ibatis.apache.org/dtd/sql-map-2.dtd">
<sqlMap namespace="worktask.wtChangeTime">
  
  <!--搜索 （twg）-->
  <select id="query" parameterClass="java.util.HashMap" resultClass="java.util.HashMap" remapResults="true">
     SELECT ct_change_time_id, dt_dept_task_id, ct_apply_user, ct_apply_reason, ct_apply_time, ct_start_time, ct_end_time, ct_is_new, ct_status, ct_describe, ct_handle_user, ct_handle_time, ct_type FROM wt_change_time WHERE 1 = 1
     <dynamic prepend="">
       <isNotNull property="ct_change_time_id">
          <isNotEmpty property="ct_change_time_id" prepend="AND"> ct_change_time_id = #ct_change_time_id# </isNotEmpty>
       </isNotNull>
       <isNotNull property="dt_dept_task_id">
          <isNotEmpty property="dt_dept_task_id" prepend="AND"> dt_dept_task_id = #dt_dept_task_id# </isNotEmpty>
       </isNotNull>
       <isNotNull property="ct_apply_user">
          <isNotEmpty property="ct_apply_user" prepend="AND"> ct_apply_user = #ct_apply_user# </isNotEmpty>
       </isNotNull>
       <isNotNull property="ct_apply_reason">
          <isNotEmpty property="ct_apply_reason" prepend="AND"> ct_apply_reason = #ct_apply_reason# </isNotEmpty>
       </isNotNull>
       <isNotNull property="ct_apply_time">
          <isNotEmpty property="ct_apply_time" prepend="AND"> ct_apply_time = #ct_apply_time# </isNotEmpty>
       </isNotNull>
       <isNotNull property="ct_start_time">
          <isNotEmpty property="ct_start_time" prepend="AND"> ct_start_time = #ct_start_time# </isNotEmpty>
       </isNotNull>
       <isNotNull property="ct_end_time">
          <isNotEmpty property="ct_end_time" prepend="AND"> ct_end_time = #ct_end_time# </isNotEmpty>
       </isNotNull>
       <isNotNull property="ct_is_new">
          <isNotEmpty property="ct_is_new" prepend="AND"> ct_is_new = #ct_is_new# </isNotEmpty>
       </isNotNull>
       <isNotNull property="ct_status">
          <isNotEmpty property="ct_status" prepend="AND"> ct_status = #ct_status# </isNotEmpty>
       </isNotNull>
       <isNotNull property="ct_describe">
          <isNotEmpty property="ct_describe" prepend="AND"> ct_describe = #ct_describe# </isNotEmpty>
       </isNotNull>
       <isNotNull property="ct_handle_user">
          <isNotEmpty property="ct_handle_user" prepend="AND"> ct_handle_user = #ct_handle_user# </isNotEmpty>
       </isNotNull>
       <isNotNull property="ct_handle_time">
          <isNotEmpty property="ct_handle_time" prepend="AND"> ct_handle_time = #ct_handle_time# </isNotEmpty>
       </isNotNull>
       <isNotNull property="ct_type">
          <isNotEmpty property="ct_type" prepend="AND"> ct_type = #ct_type# </isNotEmpty>
       </isNotNull>
     </dynamic>
     order by ct_apply_time
  </select>
  
  <!--创建 （twg）-->
  <insert id="create" parameterClass="java.util.HashMap">
    INSERT INTO wt_change_time (ct_change_time_id
    <dynamic prepend="">
        <isNotNull property="dt_dept_task_id">
	  		<isNotEmpty property="dt_dept_task_id" prepend=",">dt_dept_task_id</isNotEmpty>
        </isNotNull>
        <isNotNull property="ct_apply_user">
	  		<isNotEmpty property="ct_apply_user" prepend=",">ct_apply_user</isNotEmpty>
        </isNotNull>
        <isNotNull property="ct_apply_reason">
	  		<isNotEmpty property="ct_apply_reason" prepend=",">ct_apply_reason</isNotEmpty>
        </isNotNull>
        <isNotNull property="ct_apply_time">
	  		<isNotEmpty property="ct_apply_time" prepend=",">ct_apply_time</isNotEmpty>
        </isNotNull>
        <isNotNull property="ct_start_time">
	  		<isNotEmpty property="ct_start_time" prepend=",">ct_start_time</isNotEmpty>
        </isNotNull>
        <isNotNull property="ct_end_time">
	  		<isNotEmpty property="ct_end_time" prepend=",">ct_end_time</isNotEmpty>
        </isNotNull>
        <isNotNull property="ct_is_new">
	  		<isNotEmpty property="ct_is_new" prepend=",">ct_is_new</isNotEmpty>
        </isNotNull>
        <isNotNull property="ct_status">
	  		<isNotEmpty property="ct_status" prepend=",">ct_status</isNotEmpty>
        </isNotNull>
        <isNotNull property="ct_describe">
	  		<isNotEmpty property="ct_describe" prepend=",">ct_describe</isNotEmpty>
        </isNotNull>
        <isNotNull property="ct_handle_user">
	  		<isNotEmpty property="ct_handle_user" prepend=",">ct_handle_user</isNotEmpty>
        </isNotNull>
        <isNotNull property="ct_handle_time">
	  		<isNotEmpty property="ct_handle_time" prepend=",">ct_handle_time</isNotEmpty>
        </isNotNull>
        <isNotNull property="ct_type">
	  		<isNotEmpty property="ct_type" prepend=",">ct_type</isNotEmpty>
        </isNotNull>
    </dynamic>
    ) VALUES (#ct_change_time_id#
    <dynamic prepend="">
        <isNotNull property="dt_dept_task_id">
           <isNotEmpty property="dt_dept_task_id" prepend=",">#dt_dept_task_id#</isNotEmpty>
        </isNotNull>
        <isNotNull property="ct_apply_user">
           <isNotEmpty property="ct_apply_user" prepend=",">#ct_apply_user#</isNotEmpty>
        </isNotNull>
        <isNotNull property="ct_apply_reason">
           <isNotEmpty property="ct_apply_reason" prepend=",">#ct_apply_reason#</isNotEmpty>
        </isNotNull>
        <isNotNull property="ct_apply_time">
           <isNotEmpty property="ct_apply_time" prepend=",">#ct_apply_time#</isNotEmpty>
        </isNotNull>
        <isNotNull property="ct_start_time">
           <isNotEmpty property="ct_start_time" prepend=",">#ct_start_time#</isNotEmpty>
        </isNotNull>
        <isNotNull property="ct_end_time">
           <isNotEmpty property="ct_end_time" prepend=",">#ct_end_time#</isNotEmpty>
        </isNotNull>
        <isNotNull property="ct_is_new">
           <isNotEmpty property="ct_is_new" prepend=",">#ct_is_new#</isNotEmpty>
        </isNotNull>
        <isNotNull property="ct_status">
           <isNotEmpty property="ct_status" prepend=",">#ct_status#</isNotEmpty>
        </isNotNull>
        <isNotNull property="ct_describe">
           <isNotEmpty property="ct_describe" prepend=",">#ct_describe#</isNotEmpty>
        </isNotNull>
        <isNotNull property="ct_handle_user">
           <isNotEmpty property="ct_handle_user" prepend=",">#ct_handle_user#</isNotEmpty>
        </isNotNull>
        <isNotNull property="ct_handle_time">
           <isNotEmpty property="ct_handle_time" prepend=",">#ct_handle_time#</isNotEmpty>
        </isNotNull>
        <isNotNull property="ct_type">
           <isNotEmpty property="ct_type" prepend=",">#ct_type#</isNotEmpty>
        </isNotNull>
    </dynamic>
    )
  </insert>
  
  <!--修改 （twg）-->
  <update id="modify" parameterClass="java.util.HashMap">
    UPDATE wt_change_time SET ct_change_time_id = #ct_change_time_id#
    <dynamic prepend="">
        <isNotNull property="dt_dept_task_id">
           <isNotEmpty property="dt_dept_task_id" prepend=",">dt_dept_task_id = #dt_dept_task_id#</isNotEmpty>
        </isNotNull>
        <isNotNull property="ct_apply_user">
           <isNotEmpty property="ct_apply_user" prepend=",">ct_apply_user = #ct_apply_user#</isNotEmpty>
        </isNotNull>
        <isNotNull property="ct_apply_reason">
           <isNotEmpty property="ct_apply_reason" prepend=",">ct_apply_reason = #ct_apply_reason#</isNotEmpty>
        </isNotNull>
        <isNotNull property="ct_apply_time">
           <isNotEmpty property="ct_apply_time" prepend=",">ct_apply_time = #ct_apply_time#</isNotEmpty>
        </isNotNull>
        <isNotNull property="ct_start_time">
           <isNotEmpty property="ct_start_time" prepend=",">ct_start_time = #ct_start_time#</isNotEmpty>
        </isNotNull>
        <isNotNull property="ct_end_time">
           <isNotEmpty property="ct_end_time" prepend=",">ct_end_time = #ct_end_time#</isNotEmpty>
        </isNotNull>
        <isNotNull property="ct_is_new">
           <isNotEmpty property="ct_is_new" prepend=",">ct_is_new = #ct_is_new#</isNotEmpty>
        </isNotNull>
        <isNotNull property="ct_status">
           <isNotEmpty property="ct_status" prepend=",">ct_status = #ct_status#</isNotEmpty>
        </isNotNull>
        <isNotNull property="ct_describe">
           <isNotEmpty property="ct_describe" prepend=",">ct_describe = #ct_describe#</isNotEmpty>
        </isNotNull>
        <isNotNull property="ct_handle_user">
           <isNotEmpty property="ct_handle_user" prepend=",">ct_handle_user = #ct_handle_user#</isNotEmpty>
        </isNotNull>
        <isNotNull property="ct_handle_time">
           <isNotEmpty property="ct_handle_time" prepend=",">ct_handle_time = #ct_handle_time#</isNotEmpty>
        </isNotNull>
        <isNotNull property="ct_type">
           <isNotEmpty property="ct_type" prepend=",">ct_type = #ct_type#</isNotEmpty>
        </isNotNull>
    </dynamic>
    WHERE ct_change_time_id = #ct_change_time_id#
  </update>

  <!--删除 （twg）-->
  <update id="remove" parameterClass="java.util.HashMap">
    DELETE FROM wt_change_time WHERE ct_change_time_id = #ct_change_time_id#
  </update>
  
  <!--修改 （twg）-->
  <update id="modifyByDtId" parameterClass="java.util.HashMap">
    UPDATE wt_change_time SET ct_is_new = 1 WHERE dt_dept_task_id = #dt_dept_task_id#
  </update>
  
</sqlMap>  