<!DOCTYPE sqlMap PUBLIC "-//ibatis.apache.org//DTD SQL Map 2.0//EN" "http://ibatis.apache.org/dtd/sql-map-2.dtd">
<sqlMap namespace="worktask.wtDeptTask">
  
  <!--搜索 （twg）-->
  <select id="query" parameterClass="java.util.HashMap" resultClass="java.util.HashMap" remapResults="true">
    SELECT wdt.dt_dept_task_id, wdt.worktask_id, wdt.dept_id, wdt.dt_task_explain, wdt.dt_start_time, wdt.dt_end_time, wdt.dt_type, wdt.dt_respon_people,
    wdt.dt_status, wdt.dt_sort,wdt.dt_create_time,wdt.dt_schedule, wdt.dt_is_sign, wdt.dt_attach_name, wdt.dt_update_user,wdt.dt_update_time,
    wdt.dt_schedule_describe,wdt.dt_next_plan,wdt.dt_problem_explain,wdt.dt_schedule_evaluate,wdt.dt_schedule_attname,wdt.dt_schedule_atturl,
    wdt.dt_attach_url, wdt.dt_is_cancel, wdt.dt_change_stime, wdt.dt_change_etime,msd.dept_name ,ct.ct_status,ct.ct_change_time_id ,ww.launch_user,
    ww.wt_opt_type,ww.wt_opt_date,wdt.dt_approval,wdt.dt_is_lock,wdt.dt_opt_status,wdt.dt_opt_reason,wdt.dt_opt_time,wdt.dt_opt_user,
    wdt.dt_submit_year,wdt.dt_submit_time
	FROM wt_dept_task wdt
	LEFT JOIN mb_sys_dept msd ON msd.dept_id=wdt.dept_id
	LEFT JOIN wt_change_time ct ON ct.dt_dept_task_id=wdt.dt_dept_task_id and ct.ct_is_new=0 and ct.ct_status = 'O'
	LEFT JOIN wt_worktask ww on ww.worktask_id = wdt.worktask_id  
	WHERE 1 = 1 
     <dynamic prepend="">
       <isNotNull property="dt_dept_task_id">
          <isNotEmpty property="dt_dept_task_id" prepend="AND"> wdt.dt_dept_task_id = #dt_dept_task_id# </isNotEmpty>
       </isNotNull>
       <isNotNull property="worktask_id">
          <isNotEmpty property="worktask_id" prepend="AND"> wdt.worktask_id = #worktask_id# </isNotEmpty>
       </isNotNull>
       <isNotNull property="dept_id">
          <isNotEmpty property="dept_id" prepend="AND"> wdt.dept_id = #dept_id# </isNotEmpty>
       </isNotNull>
       <isNotNull property="dt_task_explain">
          <isNotEmpty property="dt_task_explain" prepend="AND"> wdt.dt_task_explain = #dt_task_explain# </isNotEmpty>
       </isNotNull>
       <isNotNull property="dt_start_time">
          <isNotEmpty property="dt_start_time" prepend="AND"> wdt.dt_start_time = #dt_start_time# </isNotEmpty>
       </isNotNull>
       <isNotNull property="dt_end_time">
          <isNotEmpty property="dt_end_time" prepend="AND"> wdt.dt_end_time = #dt_end_time# </isNotEmpty>
       </isNotNull>
       <isNotNull property="dt_type">
          <isNotEmpty property="dt_type" prepend="AND"> wdt.dt_type = #dt_type# </isNotEmpty>
       </isNotNull>
       <isNotNull property="dt_status">
          <isNotEmpty property="dt_status" prepend="AND"> wdt.dt_status = #dt_status# </isNotEmpty>
       </isNotNull>
       <isNotNull property="dt_sort">
          <isNotEmpty property="dt_sort" prepend="AND"> wdt.dt_sort = #dt_sort# </isNotEmpty>
       </isNotNull>
       <isNotNull property="dt_schedule">
          <isNotEmpty property="dt_schedule" prepend="AND"> wdt.dt_schedule = #dt_schedule# </isNotEmpty>
       </isNotNull>
       <isNotNull property="dt_is_sign">
          <isNotEmpty property="dt_is_sign" prepend="AND"> wdt.dt_is_sign = #dt_is_sign# </isNotEmpty>
       </isNotNull>
       <isNotNull property="dt_attach_name">
          <isNotEmpty property="dt_attach_name" prepend="AND"> wdt.dt_attach_name = #dt_attach_name# </isNotEmpty>
       </isNotNull>
       <isNotNull property="dt_attach_url">
          <isNotEmpty property="dt_attach_url" prepend="AND"> wdt.dt_attach_url = #dt_attach_url# </isNotEmpty>
       </isNotNull>
       <isNotNull property="dt_is_cancel">
          <isNotEmpty property="dt_is_cancel" prepend="AND"> wdt.dt_is_cancel = #dt_is_cancel# </isNotEmpty>
       </isNotNull>
       <isNotNull property="dt_submit_year">
          <isNotEmpty property="dt_submit_year" prepend="AND"> wdt.dt_submit_year = #dt_submit_year# </isNotEmpty>
       </isNotNull>
       <isNotNull property="dt_submit_time">
          <isNotEmpty property="dt_submit_time" prepend="AND"> wdt.dt_submit_time = #dt_submit_time# </isNotEmpty>
       </isNotNull>
       <isNotNull property="login_user_id">
          <isNotEmpty property="login_user_id" prepend="AND"> wdt.dept_id IN (SELECT sud.dept_id FROM mb_sys_user_dept sud WHERE sud.user_id=#login_user_id#) </isNotEmpty>
       </isNotNull>
       <isNotNull property="group_by">
          <isNotEmpty property="group_by" prepend=""> group by $group_by$ </isNotEmpty>
       </isNotNull>
       <isNotNull property="order_by">
          <isNotEmpty property="order_by" prepend=""> order by $order_by$ </isNotEmpty>
       </isNotNull>
     </dynamic>
  </select>
  
  <!--创建 （twg）-->
  <insert id="create" parameterClass="java.util.HashMap">
    INSERT INTO wt_dept_task (dt_dept_task_id
    <dynamic prepend="">
        <isNotNull property="worktask_id">
	  <isNotEmpty property="worktask_id" prepend=",">worktask_id</isNotEmpty>
        </isNotNull>
        <isNotNull property="dept_id">
	  <isNotEmpty property="dept_id" prepend=",">dept_id</isNotEmpty>
        </isNotNull>
        <isNotNull property="dt_task_explain">
	  <isNotEmpty property="dt_task_explain" prepend=",">dt_task_explain</isNotEmpty>
        </isNotNull>
        <isNotNull property="dt_start_time">
	  		<isNotEmpty property="dt_start_time" prepend=",">dt_start_time</isNotEmpty>
        </isNotNull>
        <isNotNull property="dt_end_time">
	  		<isNotEmpty property="dt_end_time" prepend=",">dt_end_time</isNotEmpty>
        </isNotNull>
        <isNotNull property="dt_change_stime">
	  		<isNotEmpty property="dt_change_stime" prepend=",">dt_change_stime</isNotEmpty>
        </isNotNull>
        <isNotNull property="dt_change_etime">
	  		<isNotEmpty property="dt_change_etime" prepend=",">dt_change_etime</isNotEmpty>
        </isNotNull>
        <isNotNull property="dt_type">
	  <isNotEmpty property="dt_type" prepend=",">dt_type</isNotEmpty>
        </isNotNull>
        <isNotNull property="dt_status">
	  <isNotEmpty property="dt_status" prepend=",">dt_status</isNotEmpty>
        </isNotNull>
        <isNotNull property="dt_sort">
	  <isNotEmpty property="dt_sort" prepend=",">dt_sort</isNotEmpty>
        </isNotNull>
        <isNotNull property="dt_schedule">
	  <isNotEmpty property="dt_schedule" prepend=",">dt_schedule</isNotEmpty>
        </isNotNull>
        <isNotNull property="dt_is_sign">
	  <isNotEmpty property="dt_is_sign" prepend=",">dt_is_sign</isNotEmpty>
        </isNotNull>
        <isNotNull property="dt_attach_name">
	  <isNotEmpty property="dt_attach_name" prepend=",">dt_attach_name</isNotEmpty>
        </isNotNull>
        <isNotNull property="dt_attach_url">
	  <isNotEmpty property="dt_attach_url" prepend=",">dt_attach_url</isNotEmpty>
        </isNotNull>
        <isNotNull property="dt_is_cancel">
	  <isNotEmpty property="dt_is_cancel" prepend=",">dt_is_cancel</isNotEmpty>
        </isNotNull>
        <isNotNull property="dt_create_time">
	  <isNotEmpty property="dt_create_time" prepend=",">dt_create_time</isNotEmpty>
        </isNotNull>
        <isNotNull property="dt_schedule_describe">
	  <isNotEmpty property="dt_schedule_describe" prepend=",">dt_schedule_describe</isNotEmpty>
        </isNotNull>
        <isNotNull property="dt_next_plan">
	  <isNotEmpty property="dt_next_plan" prepend=",">dt_next_plan</isNotEmpty>
        </isNotNull>
        <isNotNull property="dt_problem_explain">
	  <isNotEmpty property="dt_problem_explain" prepend=",">dt_problem_explain</isNotEmpty>
        </isNotNull>
        <isNotNull property="dt_schedule_evaluate">
	  <isNotEmpty property="dt_schedule_evaluate" prepend=",">dt_schedule_evaluate</isNotEmpty>
        </isNotNull>
        <isNotNull property="dt_schedule_attname">
	  <isNotEmpty property="dt_schedule_attname" prepend=",">dt_schedule_attname</isNotEmpty>
        </isNotNull>
        <isNotNull property="dt_schedule_atturl">
	  <isNotEmpty property="dt_schedule_atturl" prepend=",">dt_schedule_atturl</isNotEmpty>
        </isNotNull>
        <isNotNull property="dt_update_time">
	  		<isNotEmpty property="dt_update_time" prepend=",">dt_update_time</isNotEmpty>
        </isNotNull>
        <isNotNull property="dt_update_user">
	  		<isNotEmpty property="dt_update_user" prepend=",">dt_update_user</isNotEmpty>
        </isNotNull>
        <isNotNull property="dt_approval">
	  		<isNotEmpty property="dt_approval" prepend=",">dt_approval</isNotEmpty>
        </isNotNull>
        <isNotNull property="dt_is_lock">
	  		<isNotEmpty property="dt_is_lock" prepend=",">dt_is_lock</isNotEmpty>
        </isNotNull>
        <isNotNull property="dt_opt_status">
	  		<isNotEmpty property="dt_opt_status" prepend=",">dt_opt_status</isNotEmpty>
        </isNotNull>
        <isNotNull property="dt_opt_reason">
	  		<isNotEmpty property="dt_opt_reason" prepend=",">dt_opt_reason</isNotEmpty>
        </isNotNull>
        <isNotNull property="dt_opt_time">
	  		<isNotEmpty property="dt_opt_time" prepend=",">dt_opt_time</isNotEmpty>
        </isNotNull>
        <isNotNull property="dt_opt_user">
	  		<isNotEmpty property="dt_opt_user" prepend=",">dt_opt_user</isNotEmpty>
        </isNotNull>
        <isNotNull property="dt_respon_people"><isNotEmpty property="dt_respon_people" prepend=",">dt_respon_people</isNotEmpty></isNotNull>
        <isNotNull property="dt_submit_year"><isNotEmpty property="dt_submit_year" prepend=",">dt_submit_year</isNotEmpty></isNotNull>
        <isNotNull property="dt_submit_time"><isNotEmpty property="dt_submit_time" prepend=",">dt_submit_time</isNotEmpty></isNotNull>
    </dynamic>
    ) VALUES (#dt_dept_task_id#
    <dynamic prepend="">
        <isNotNull property="worktask_id">
           <isNotEmpty property="worktask_id" prepend=",">#worktask_id#</isNotEmpty>
        </isNotNull>
        <isNotNull property="dept_id">
           <isNotEmpty property="dept_id" prepend=",">#dept_id#</isNotEmpty>
        </isNotNull>
        <isNotNull property="dt_task_explain">
           <isNotEmpty property="dt_task_explain" prepend=",">#dt_task_explain#</isNotEmpty>
        </isNotNull>
        <isNotNull property="dt_start_time">
           <isNotEmpty property="dt_start_time" prepend=",">#dt_start_time#</isNotEmpty>
        </isNotNull>
        <isNotNull property="dt_end_time">
           <isNotEmpty property="dt_end_time" prepend=",">#dt_end_time#</isNotEmpty>
        </isNotNull>
        <isNotNull property="dt_change_stime">
	  		<isNotEmpty property="dt_change_stime" prepend=",">#dt_change_stime#</isNotEmpty>
        </isNotNull>
        <isNotNull property="dt_change_etime">
	  		<isNotEmpty property="dt_change_etime" prepend=",">#dt_change_etime#</isNotEmpty>
        </isNotNull>
        <isNotNull property="dt_type">
           <isNotEmpty property="dt_type" prepend=",">#dt_type#</isNotEmpty>
        </isNotNull>
        <isNotNull property="dt_status">
           <isNotEmpty property="dt_status" prepend=",">#dt_status#</isNotEmpty>
        </isNotNull>
        <isNotNull property="dt_sort">
           <isNotEmpty property="dt_sort" prepend=",">#dt_sort#</isNotEmpty>
        </isNotNull>
        <isNotNull property="dt_schedule">
           <isNotEmpty property="dt_schedule" prepend=",">#dt_schedule#</isNotEmpty>
        </isNotNull>
        <isNotNull property="dt_is_sign">
           <isNotEmpty property="dt_is_sign" prepend=",">#dt_is_sign#</isNotEmpty>
        </isNotNull>
        <isNotNull property="dt_attach_name">
           <isNotEmpty property="dt_attach_name" prepend=",">#dt_attach_name#</isNotEmpty>
        </isNotNull>
        <isNotNull property="dt_attach_url">
           <isNotEmpty property="dt_attach_url" prepend=",">#dt_attach_url#</isNotEmpty>
        </isNotNull>
        <isNotNull property="dt_is_cancel">
           <isNotEmpty property="dt_is_cancel" prepend=",">#dt_is_cancel#</isNotEmpty>
        </isNotNull>
        <isNotNull property="dt_create_time">
           <isNotEmpty property="dt_create_time" prepend=",">#dt_create_time#</isNotEmpty>
        </isNotNull>
        <isNotNull property="dt_schedule_describe">
	  		<isNotEmpty property="dt_schedule_describe" prepend=",">#dt_schedule_describe#</isNotEmpty>
        </isNotNull>
        <isNotNull property="dt_next_plan">
	  		<isNotEmpty property="dt_next_plan" prepend=",">#dt_next_plan#</isNotEmpty>
        </isNotNull>
        <isNotNull property="dt_problem_explain">
	  		<isNotEmpty property="dt_problem_explain" prepend=",">#dt_problem_explain#</isNotEmpty>
        </isNotNull>
        <isNotNull property="dt_schedule_evaluate">
	  		<isNotEmpty property="dt_schedule_evaluate" prepend=",">#dt_schedule_evaluate#</isNotEmpty>
        </isNotNull>
        <isNotNull property="dt_schedule_attname">
	  		<isNotEmpty property="dt_schedule_attname" prepend=",">#dt_schedule_attname#</isNotEmpty>
        </isNotNull>
        <isNotNull property="dt_schedule_atturl">
	  		<isNotEmpty property="dt_schedule_atturl" prepend=",">#dt_schedule_atturl#</isNotEmpty>
        </isNotNull>
        <isNotNull property="dt_update_time">
	  		<isNotEmpty property="dt_update_time" prepend=",">#dt_update_time#</isNotEmpty>
        </isNotNull>
        <isNotNull property="dt_update_user">
	  		<isNotEmpty property="dt_update_user" prepend=",">#dt_update_user#</isNotEmpty>
        </isNotNull>
        <isNotNull property="dt_approval">
	  		<isNotEmpty property="dt_approval" prepend=",">#dt_approval#</isNotEmpty>
        </isNotNull>
        <isNotNull property="dt_is_lock">
	  		<isNotEmpty property="dt_is_lock" prepend=",">#dt_is_lock#</isNotEmpty>
        </isNotNull>
        <isNotNull property="dt_opt_status">
	  		<isNotEmpty property="dt_opt_status" prepend=",">#dt_opt_status#</isNotEmpty>
        </isNotNull>
        <isNotNull property="dt_opt_reason">
	  		<isNotEmpty property="dt_opt_reason" prepend=",">#dt_opt_reason#</isNotEmpty>
        </isNotNull>
        <isNotNull property="dt_opt_time">
	  		<isNotEmpty property="dt_opt_time" prepend=",">#dt_opt_time#</isNotEmpty>
        </isNotNull>
        <isNotNull property="dt_opt_user">
	  		<isNotEmpty property="dt_opt_user" prepend=",">#dt_opt_user#</isNotEmpty>
        </isNotNull>
        <isNotNull property="dt_respon_people"><isNotEmpty property="dt_respon_people" prepend=",">#dt_respon_people#</isNotEmpty></isNotNull>
        <isNotNull property="dt_submit_year"><isNotEmpty property="dt_submit_year" prepend=",">#dt_submit_year#</isNotEmpty></isNotNull>
        <isNotNull property="dt_submit_time"><isNotEmpty property="dt_submit_time" prepend=",">#dt_submit_time#</isNotEmpty></isNotNull>
    </dynamic>
    )
  </insert>
  
  <!--修改 （twg）-->
  <update id="modify" parameterClass="java.util.HashMap">
    UPDATE wt_dept_task SET dt_dept_task_id = #dt_dept_task_id#
    <dynamic prepend="">
        <isNotNull property="worktask_id">
           <isNotEmpty property="worktask_id" prepend=",">worktask_id = #worktask_id#</isNotEmpty>
        </isNotNull>
        <isNotNull property="dept_id">
           <isNotEmpty property="dept_id" prepend=",">dept_id = #dept_id#</isNotEmpty>
        </isNotNull>
        <isNotNull property="dt_task_explain">
           <isNotEmpty property="dt_task_explain" prepend=",">dt_task_explain = #dt_task_explain#</isNotEmpty>
        </isNotNull>
        <isNotNull property="dt_start_time">
           <isNotEmpty property="dt_start_time" prepend=",">dt_start_time = #dt_start_time#</isNotEmpty>
        </isNotNull>
        <isNotNull property="dt_end_time">
           <isNotEmpty property="dt_end_time" prepend=",">dt_end_time = #dt_end_time#</isNotEmpty>
        </isNotNull>
        <isNotNull property="dt_change_stime">
	  		<isNotEmpty property="dt_change_stime" prepend=",">dt_change_stime = #dt_change_stime#</isNotEmpty>
        </isNotNull>
        <isNotNull property="dt_change_etime">
	  		<isNotEmpty property="dt_change_etime" prepend=",">dt_change_etime = #dt_change_etime#</isNotEmpty>
        </isNotNull>
        <isNotNull property="dt_type">
           <isNotEmpty property="dt_type" prepend=",">dt_type = #dt_type#</isNotEmpty>
        </isNotNull>
        <isNotNull property="dt_status">
           <isNotEmpty property="dt_status" prepend=",">dt_status = #dt_status#</isNotEmpty>
        </isNotNull>
        <isNotNull property="dt_sort">
           <isNotEmpty property="dt_sort" prepend=",">dt_sort = #dt_sort#</isNotEmpty>
        </isNotNull>
        <isNotNull property="dt_schedule">
           <isNotEmpty property="dt_schedule" prepend=",">dt_schedule = #dt_schedule#</isNotEmpty>
        </isNotNull>
        <isNotNull property="dt_is_sign">
           <isNotEmpty property="dt_is_sign" prepend=",">dt_is_sign = #dt_is_sign#</isNotEmpty>
        </isNotNull>
        <isNotNull property="dt_attach_name">
           <isNotEmpty property="dt_attach_name" prepend=",">dt_attach_name = #dt_attach_name#</isNotEmpty>
        </isNotNull>
        <isNotNull property="dt_attach_url">
           <isNotEmpty property="dt_attach_url" prepend=",">dt_attach_url = #dt_attach_url#</isNotEmpty>
        </isNotNull>
        <isNotNull property="dt_is_cancel">
           <isNotEmpty property="dt_is_cancel" prepend=",">dt_is_cancel = #dt_is_cancel#</isNotEmpty>
        </isNotNull>
        <isNotNull property="dt_schedule_describe">
	  		<isNotEmpty property="dt_schedule_describe" prepend=",">dt_schedule_describe = #dt_schedule_describe#</isNotEmpty>
        </isNotNull>
        <isNotNull property="dt_next_plan">
	  		<isNotEmpty property="dt_next_plan" prepend=",">dt_next_plan = #dt_next_plan#</isNotEmpty>
        </isNotNull>
        <isNotNull property="dt_problem_explain">
	  		<isNotEmpty property="dt_problem_explain" prepend=",">dt_problem_explain = #dt_problem_explain#</isNotEmpty>
        </isNotNull>
        <isNotNull property="dt_schedule_evaluate">
	  		<isNotEmpty property="dt_schedule_evaluate" prepend=",">dt_schedule_evaluate = #dt_schedule_evaluate#</isNotEmpty>
        </isNotNull>
        <isNotNull property="dt_schedule_attname">
	  		<isNotEmpty property="dt_schedule_attname" prepend=",">dt_schedule_attname = #dt_schedule_attname#</isNotEmpty>
        </isNotNull>
        <isNotNull property="dt_schedule_atturl">
	  		<isNotEmpty property="dt_schedule_atturl" prepend=",">dt_schedule_atturl = #dt_schedule_atturl#</isNotEmpty>
        </isNotNull>
        <isNotNull property="dt_update_time">
	  		<isNotEmpty property="dt_update_time" prepend=",">dt_update_time = #dt_update_time#</isNotEmpty>
        </isNotNull>
        <isNotNull property="dt_update_user">
	  		<isNotEmpty property="dt_update_user" prepend=",">dt_update_user = #dt_update_user#</isNotEmpty>
        </isNotNull>
        <isNotNull property="dt_approval">
	  		<isNotEmpty property="dt_approval" prepend=",">dt_approval = #dt_approval#</isNotEmpty>
        </isNotNull>
        <isNotNull property="dt_is_lock">
	  		<isNotEmpty property="dt_is_lock" prepend=",">dt_is_lock = #dt_is_lock#</isNotEmpty>
        </isNotNull>
        <isNotNull property="dt_opt_status">
	  		<isNotEmpty property="dt_opt_status" prepend=",">dt_opt_status = #dt_opt_status#</isNotEmpty>
        </isNotNull>
        <isNotNull property="dt_opt_reason">
	  		<isNotEmpty property="dt_opt_reason" prepend=",">dt_opt_reason = #dt_opt_reason#</isNotEmpty>
        </isNotNull>
        <isNotNull property="dt_opt_time">
	  		<isNotEmpty property="dt_opt_time" prepend=",">dt_opt_time = #dt_opt_time#</isNotEmpty>
        </isNotNull>
        <isNotNull property="dt_opt_user">
	  		<isNotEmpty property="dt_opt_user" prepend=",">dt_opt_user = #dt_opt_user#</isNotEmpty>
        </isNotNull>
        <isNotNull property="dt_respon_people"><isNotEmpty property="dt_respon_people" prepend=",">dt_respon_people = #dt_respon_people#</isNotEmpty></isNotNull>
        <isNotNull property="dt_submit_year"><isNotEmpty property="dt_submit_year" prepend=",">dt_submit_year = #dt_submit_year#</isNotEmpty></isNotNull>
        <isNotNull property="dt_submit_time"><isNotEmpty property="dt_submit_time" prepend=",">dt_submit_time = #dt_submit_time#</isNotEmpty></isNotNull>
    </dynamic>
    WHERE dt_dept_task_id = #dt_dept_task_id#
  </update>

  <!--删除 （twg）-->
  <update id="remove" parameterClass="java.util.HashMap">
    DELETE FROM wt_dept_task WHERE worktask_id = #worktask_id#
  </update>
  
  
  <!--根据部门ID查询该部门事项信息 （twg）-->
  <select id="queryByDeptId" parameterClass="java.util.HashMap" resultClass="java.util.HashMap" remapResults="true">
    SELECT 	wdt.dt_dept_task_id,wdt.worktask_id, wdt.dept_id, wdt.dt_task_explain, wdt.dt_start_time, wdt.dt_end_time,wdt.dt_status,wdt.dt_create_time, wdt.dt_respon_people,
	ww.task_num, ww.title ,ww.importance,ww.task_status, ww.launch_time,ww.total_schedule ,wpt.wpt_alias,msd.dept_name,ww.evaluate,ww.respon_leader,ww.respon_people, 
	wdt.dt_schedule_describe,wdt.dt_next_plan,wdt.dt_problem_explain,wdt.dt_schedule_evaluate,wdt.dt_schedule_attname,wdt.dt_schedule_atturl,
	wdt.dt_submit_year,wdt.dt_submit_time,
	wdt.dt_update_user,wdt.dt_update_time , wdt.dt_change_stime, wdt.dt_change_etime ,wdt.dt_schedule ,ww.task_content,ww.wt_opt_type,ww.wt_opt_date,
	(SELECT GROUP_CONCAT(sd.dept_name) AS dept_names FROM wt_assistunit wa
	LEFT JOIN mb_sys_dept sd ON wa.at_dept_id=sd.dept_id
	WHERE wa.worktask_id=wdt.worktask_id) AS main_dept_names,
	dss.ds_schedule_describe,dss.ds_next_plan,dss.ds_problem,dss.ds_evaluate,
	(SELECT CONVERT(GROUP_CONCAT(CONCAT(ds.ds_submit_year,'-',ds.ds_submit_time)) USING utf8) AS aaa 
	FROM wt_dept_schedule ds WHERE ds.dt_dept_task_id=wdt.dt_dept_task_id) AS history_dept_schedule
	FROM wt_dept_task wdt 
	LEFT JOIN (SELECT ds.dt_dept_task_id,ds.ds_schedule_describe,ds.ds_next_plan,ds.ds_problem,ds.ds_evaluate,ds.ds_submit_year,ds.ds_submit_time
				FROM wt_dept_schedule ds where 1=1 
				<dynamic prepend="">
			       <isNotNull property="ds_submit_year">
			          <isNotEmpty property="ds_submit_year" prepend="AND"> ds.ds_submit_year = #ds_submit_year# </isNotEmpty>
			       </isNotNull>
			       <isNotNull property="ds_submit_time">
			          <isNotEmpty property="ds_submit_time" prepend="AND"> ds.ds_submit_time = #ds_submit_time# </isNotEmpty>
			       </isNotNull>
			     </dynamic>
				) dss ON wdt.dt_dept_task_id=dss.dt_dept_task_id 
	LEFT JOIN mb_sys_dept msd ON msd.dept_id=wdt.dept_id
	LEFT JOIN wt_worktask ww ON ww.worktask_id=wdt.worktask_id 
	INNER JOIN wt_project_type wpt ON wpt.wpt_type_id=ww.wpt_type_id 
	WHERE 1=1 
     <dynamic prepend="">
       <isNotNull property="dt_dept_task_id">
          <isNotEmpty property="dt_dept_task_id" prepend="AND"> wdt.dt_dept_task_id = #dt_dept_task_id# </isNotEmpty>
       </isNotNull>
       <isNotNull property="worktask_id">
          <isNotEmpty property="worktask_id" prepend="AND"> wdt.worktask_id = #worktask_id# </isNotEmpty>
       </isNotNull>
       <isNotNull property="task_num">
          <isNotEmpty property="task_num" prepend="AND"> ww.task_num like '%$task_num$%' </isNotEmpty>
       </isNotNull>
       <isNotNull property="title">
          <isNotEmpty property="title" prepend="AND"> ww.title like '%$title$%' </isNotEmpty>
       </isNotNull>
       <isNotNull property="respon_leader">
          <isNotEmpty property="respon_leader" prepend="AND"> ww.respon_leader like '%$respon_leader$%' </isNotEmpty>
       </isNotNull>
       <isNotNull property="wpt_type_id">
          <isNotEmpty property="wpt_type_id" prepend="AND"> wpt.wpt_type_id = #wpt_type_id# </isNotEmpty>
       </isNotNull>
       <isNotNull property="dept_id">
          <isNotEmpty property="dept_id" prepend="AND"> wdt.dept_id = #dept_id# </isNotEmpty>
       </isNotNull>
       <isNotNull property="dt_status">
          <isNotEmpty property="dt_status" prepend="AND"> wdt.dt_status = #dt_status# </isNotEmpty>
       </isNotNull>
       <isNotNull property="task_status">
          <isNotEmpty property="task_status" prepend="AND"> ww.task_status = #task_status# </isNotEmpty>
       </isNotNull>
       <isNotNull property="start_time">
          <isNotEmpty property="start_time" prepend="AND"> <![CDATA[ ww.launch_time >= #start_time# ]]></isNotEmpty>
       </isNotNull>
       <isNotNull property="end_time">
          <isNotEmpty property="end_time" prepend="AND"> <![CDATA[  ww.launch_time <= #end_time# ]]></isNotEmpty>
       </isNotNull>
       <isNotNull property="evaluate">
          <isNotEmpty property="evaluate" prepend="AND"> ww.evaluate = #evaluate# </isNotEmpty>
       </isNotNull>
       <isNotNull property="dt_schedule_evaluate">
          <isNotEmpty property="dt_schedule_evaluate" prepend="AND"> wdt.dt_schedule_evaluate = #dt_schedule_evaluate# </isNotEmpty>
       </isNotNull>
       <isNotNull property="dt_submit_year">
          <isNotEmpty property="dt_submit_year" prepend="AND"> wdt.dt_submit_year = #dt_submit_year# </isNotEmpty>
       </isNotNull>
       <isNotNull property="dt_submit_time">
          <isNotEmpty property="dt_submit_time" prepend="AND"> wdt.dt_submit_time = #dt_submit_time# </isNotEmpty>
       </isNotNull>
       <isNotNull property="submit_month">
          <isNotEmpty property="submit_month" prepend="AND"> (ww.wt_opt_type = 'A' or ww.wt_opt_type = 'B') </isNotEmpty>
       </isNotNull>
       <isNotNull property="submit_week">
          <isNotEmpty property="submit_week" prepend="AND"> (ww.wt_opt_type = 'C' or ww.wt_opt_type = 'D') </isNotEmpty>
       </isNotNull>
       <isNotNull property="login_user_id">
          <isNotEmpty property="login_user_id" prepend="AND"> wdt.dept_id IN (SELECT msud.dept_id FROM mb_sys_user_dept msud WHERE msud.user_id=#login_user_id#) </isNotEmpty>
       </isNotNull>
       <isEqual property="is_submitted" compareValue="Y" prepend="AND"> 
       	  	wdt.dt_submit_year = CASE ww.wt_opt_type 
			WHEN 'A' THEN #year#
			WHEN 'B' THEN #back_year_month#
			WHEN 'C' THEN #year#
			WHEN 'D' THEN #back_year_week#
			END 
			AND wdt.dt_submit_time = CASE ww.wt_opt_type 
			WHEN 'A' THEN #month#
			WHEN 'B' THEN #back_month#
			WHEN 'C' THEN #week#
			WHEN 'D' THEN #back_week#
			END 
       </isEqual>
       <isEqual property="is_submitted" compareValue="N" prepend="AND"> 
       	  	wdt.dt_submit_year &lt;&gt; CASE ww.wt_opt_type 
			WHEN 'A' THEN #year#
			WHEN 'B' THEN #back_year_month#
			WHEN 'C' THEN #year#
			WHEN 'D' THEN #back_year_week#
			END 
			AND wdt.dt_submit_time &lt;&gt; CASE ww.wt_opt_type 
			WHEN 'A' THEN #month#
			WHEN 'B' THEN #back_month#
			WHEN 'C' THEN #week#
			WHEN 'D' THEN #back_week#
			END 
       </isEqual>
       <isNotNull property="login_user_id">
          <isNotEmpty property="login_user_id" prepend="AND"> wdt.dept_id IN (SELECT msud.dept_id FROM mb_sys_user_dept msud WHERE msud.user_id=#login_user_id#) </isNotEmpty>
       </isNotNull>
       
       <isNotNull property="group_by">
          <isNotEmpty property="group_by" prepend=""> group by wdt.worktask_id </isNotEmpty>
       </isNotNull>
       <isNotNull property="group_by_ddti">
          <isNotEmpty property="group_by_ddti" prepend=""> group by wdt.dt_dept_task_id </isNotEmpty>
       </isNotNull>
     </dynamic>
     order by ww.sort,wdt.worktask_id 
  </select>
  
  <!--更新部门进度 （twg）-->
  <update id="updateSchedule" parameterClass="java.util.HashMap">
  	UPDATE wt_dept_task SET dt_schedule = #dt_schedule# 
	WHERE worktask_id = #worktask_id# AND dept_id=#dept_id# 
  </update>
  
  <!--部门任务完成率统计报表 （twg）-->
  <select id="queryDeptTaskStatistics" parameterClass="java.util.HashMap" resultClass="java.util.HashMap" remapResults="true">
  	SELECT sd.dept_name,
	SUM( CASE WHEN dt.dt_schedule &lt; 100 THEN
	1 ELSE 0 END) unfinished,
	SUM( CASE WHEN dt.dt_schedule = 100 THEN
	1 ELSE 0 END) completed,
	SUM( CASE WHEN dt.dt_schedule &lt; 100 AND dt.dt_change_etime &lt; NOW() THEN
	1 ELSE 0 END) to_unfinished
	FROM wt_dept_task dt 
	LEFT JOIN mb_sys_dept sd ON dt.dept_id=sd.dept_id 
	where 1=1 
	<dynamic prepend="">
       <isNotNull property="dept_id">
          <isNotEmpty property="dept_id" prepend="AND"> dt.dept_id = #dept_id# </isNotEmpty>
       </isNotNull>
     </dynamic>
	GROUP BY dt.dept_id
  </select>
  
  <!--事项计划图表 （twg）-->
  <select id="queryForChart" parameterClass="java.util.HashMap" resultClass="java.util.HashMap" remapResults="true">
    SELECT 
	(CASE WHEN wdt.dt_change_stime &lt; NOW() THEN 1 ELSE 0 END) s_index,(CASE WHEN wdt.dt_change_etime &gt; NOW() THEN 1 ELSE 0 END) e_index,
	TIMESTAMPDIFF( DAY, wdt.dt_change_stime,wdt.dt_change_etime)+1 AS day_count,
	TIMESTAMPDIFF( DAY, wdt.dt_change_stime,NOW())+1 AS now_day_count,
	msd.dept_name,wdt.dt_change_stime,wdt.dt_change_etime,wdt.dt_schedule,wdt.dt_schedule_evaluate
	FROM wt_dept_task wdt
	LEFT JOIN mb_sys_dept msd ON msd.dept_id=wdt.dept_id
	WHERE wdt.worktask_id = #worktask_id# 
  </select>
  
  
  <!--查询部门未报送的事项（消息提醒推送）（twg）-->
  <select id="queryUnfinishedProject" parameterClass="java.util.HashMap" resultClass="java.util.HashMap" remapResults="true">
    SELECT sd.dept_id,sd.dept_name,ww.title,ww.wt_opt_type,ww.wt_opt_date,pt.wpt_type_name,dt.dt_dept_task_id 
	FROM wt_dept_task dt
	INNER JOIN wt_worktask ww ON dt.worktask_id=ww.worktask_id
	INNER JOIN wt_project_type pt ON ww.wpt_type_id=pt.wpt_type_id
	INNER JOIN mb_sys_dept sd ON dt.dept_id=sd.dept_id
	WHERE ww.task_status='A' AND dt.dt_is_cancel='N' AND ww.total_schedule &lt; 100 AND dt.dt_schedule &lt; 100 AND ww.wt_opt_type &lt;&gt; 'E' AND 
	(
	dt.dt_submit_year &lt;&gt; CASE ww.wt_opt_type 
	WHEN 'A' THEN #year#
	WHEN 'B' THEN #back_year_month#
	WHEN 'C' THEN #year#
	WHEN 'D' THEN #back_year_week#
	END 
	AND dt.dt_submit_time &lt;&gt; CASE ww.wt_opt_type 
	WHEN 'A' THEN #month#
	WHEN 'B' THEN #back_month#
	WHEN 'C' THEN #week#
	WHEN 'D' THEN #back_week#
	END 
	)
	group by dt.dept_id
  </select>
  
</sqlMap>  