<!DOCTYPE sqlMap PUBLIC "-//ibatis.apache.org//DTD SQL Map 2.0//EN" "http://ibatis.apache.org/dtd/sql-map-2.dtd">
<sqlMap namespace="worktask.wtDeptSchedule">
  
  <!--搜索 （twg）-->
  <select id="query" parameterClass="java.util.HashMap" resultClass="java.util.HashMap" remapResults="true">
     SELECT ds.ds_id, ds.worktask_id, ds.dt_dept_task_id, ds.dept_id, ds_schedule, ds_schedule_describe, ds_next_plan, ds_problem, 
	ds_evaluate, ds_attname, ds_atturl, ds_update_time, ds_update_user ,dt.dt_task_explain,dt.dt_change_stime,dt.dt_change_etime,
	dt.dt_schedule,dt.dt_schedule_evaluate,ds.ds_submit_year,ds.ds_submit_time,ww.wt_opt_type
	FROM wt_dept_schedule ds
	LEFT JOIN wt_dept_task dt ON ds.dt_dept_task_id=dt.dt_dept_task_id
	LEFT JOIN wt_worktask ww ON ww.worktask_id=ds.worktask_id
	WHERE 1 = 1 
     <dynamic prepend="">
       <isNotNull property="ds_id">
          <isNotEmpty property="ds_id" prepend="AND"> ds_id = #ds_id# </isNotEmpty>
       </isNotNull>
       <isNotNull property="worktask_id">
          <isNotEmpty property="worktask_id" prepend="AND"> ds.worktask_id = #worktask_id# </isNotEmpty>
       </isNotNull>
       <isNotNull property="dt_dept_task_id">
          <isNotEmpty property="dt_dept_task_id" prepend="AND"> ds.dt_dept_task_id = #dt_dept_task_id# </isNotEmpty>
       </isNotNull>
       <isNotNull property="dept_id">
          <isNotEmpty property="dept_id" prepend="AND"> ds.dept_id = #dept_id# </isNotEmpty>
       </isNotNull>
       <isNotNull property="ds_schedule">
          <isNotEmpty property="ds_schedule" prepend="AND"> ds_schedule = #ds_schedule# </isNotEmpty>
       </isNotNull>
       <isNotNull property="ds_schedule_describe">
          <isNotEmpty property="ds_schedule_describe" prepend="AND"> ds_schedule_describe = #ds_schedule_describe# </isNotEmpty>
       </isNotNull>
       <isNotNull property="ds_next_plan">
          <isNotEmpty property="ds_next_plan" prepend="AND"> ds_next_plan = #ds_next_plan# </isNotEmpty>
       </isNotNull>
       <isNotNull property="ds_problem">
          <isNotEmpty property="ds_problem" prepend="AND"> ds_problem = #ds_problem# </isNotEmpty>
       </isNotNull>
       <isNotNull property="ds_evaluate">
          <isNotEmpty property="ds_evaluate" prepend="AND"> ds_evaluate = #ds_evaluate# </isNotEmpty>
       </isNotNull>
       <isNotNull property="ds_attname">
          <isNotEmpty property="ds_attname" prepend="AND"> ds_attname = #ds_attname# </isNotEmpty>
       </isNotNull>
       <isNotNull property="ds_atturl">
          <isNotEmpty property="ds_atturl" prepend="AND"> ds_atturl = #ds_atturl# </isNotEmpty>
       </isNotNull>
       <isNotNull property="ds_update_time">
          <isNotEmpty property="ds_update_time" prepend="AND"> ds_update_time = #ds_update_time# </isNotEmpty>
       </isNotNull>
       <isNotNull property="ds_update_user">
          <isNotEmpty property="ds_update_user" prepend="AND"> ds_update_user = #ds_update_user# </isNotEmpty>
       </isNotNull>
       <isNotNull property="ds_submit_year"><isNotEmpty property="ds_submit_year" prepend="AND"> ds_submit_year = #ds_submit_year# </isNotEmpty></isNotNull>
       <isNotNull property="ds_submit_time"><isNotEmpty property="ds_submit_time" prepend="AND"> ds_submit_time = #ds_submit_time# </isNotEmpty></isNotNull>
     </dynamic>
     ORDER BY ds.ds_submit_year DESC,ds.ds_submit_time DESC,ds_update_time DESC 
  </select>
  
  <!--创建 （twg）-->
  <insert id="create" parameterClass="java.util.HashMap">
    INSERT INTO wt_dept_schedule (ds_id
    <dynamic prepend="">
        <isNotNull property="worktask_id">
	  		<isNotEmpty property="worktask_id" prepend=",">worktask_id</isNotEmpty>
        </isNotNull>
        <isNotNull property="dt_dept_task_id">
	  		<isNotEmpty property="dt_dept_task_id" prepend=",">dt_dept_task_id</isNotEmpty>
        </isNotNull>
        <isNotNull property="dept_id">
	  		<isNotEmpty property="dept_id" prepend=",">dept_id</isNotEmpty>
        </isNotNull>
        <isNotNull property="ds_schedule">
	  		<isNotEmpty property="ds_schedule" prepend=",">ds_schedule</isNotEmpty>
        </isNotNull>
        <isNotNull property="ds_schedule_describe">
	  		<isNotEmpty property="ds_schedule_describe" prepend=",">ds_schedule_describe</isNotEmpty>
        </isNotNull>
        <isNotNull property="ds_next_plan">
	  		<isNotEmpty property="ds_next_plan" prepend=",">ds_next_plan</isNotEmpty>
        </isNotNull>
        <isNotNull property="ds_problem">
	  		<isNotEmpty property="ds_problem" prepend=",">ds_problem</isNotEmpty>
        </isNotNull>
        <isNotNull property="ds_evaluate">
	  		<isNotEmpty property="ds_evaluate" prepend=",">ds_evaluate</isNotEmpty>
        </isNotNull>
        <isNotNull property="ds_attname">
	  		<isNotEmpty property="ds_attname" prepend=",">ds_attname</isNotEmpty>
        </isNotNull>
        <isNotNull property="ds_atturl">
	  		<isNotEmpty property="ds_atturl" prepend=",">ds_atturl</isNotEmpty>
        </isNotNull>
        <isNotNull property="ds_update_time">
	  		<isNotEmpty property="ds_update_time" prepend=",">ds_update_time</isNotEmpty>
        </isNotNull>
        <isNotNull property="ds_update_user">
	  		<isNotEmpty property="ds_update_user" prepend=",">ds_update_user</isNotEmpty>
        </isNotNull>
        <isNotNull property="ds_submit_year"><isNotEmpty property="ds_submit_year" prepend=",">ds_submit_year</isNotEmpty></isNotNull>
        <isNotNull property="ds_submit_time"><isNotEmpty property="ds_submit_time" prepend=",">ds_submit_time</isNotEmpty></isNotNull>
    </dynamic>
    ) VALUES (#ds_id#
    <dynamic prepend="">
        <isNotNull property="worktask_id">
           <isNotEmpty property="worktask_id" prepend=",">#worktask_id#</isNotEmpty>
        </isNotNull>
        <isNotNull property="dt_dept_task_id">
           <isNotEmpty property="dt_dept_task_id" prepend=",">#dt_dept_task_id#</isNotEmpty>
        </isNotNull>
        <isNotNull property="dept_id">
           <isNotEmpty property="dept_id" prepend=",">#dept_id#</isNotEmpty>
        </isNotNull>
        <isNotNull property="ds_schedule">
           <isNotEmpty property="ds_schedule" prepend=",">#ds_schedule#</isNotEmpty>
        </isNotNull>
        <isNotNull property="ds_schedule_describe">
           <isNotEmpty property="ds_schedule_describe" prepend=",">#ds_schedule_describe#</isNotEmpty>
        </isNotNull>
        <isNotNull property="ds_next_plan">
           <isNotEmpty property="ds_next_plan" prepend=",">#ds_next_plan#</isNotEmpty>
        </isNotNull>
        <isNotNull property="ds_problem">
           <isNotEmpty property="ds_problem" prepend=",">#ds_problem#</isNotEmpty>
        </isNotNull>
        <isNotNull property="ds_evaluate">
           <isNotEmpty property="ds_evaluate" prepend=",">#ds_evaluate#</isNotEmpty>
        </isNotNull>
        <isNotNull property="ds_attname">
           <isNotEmpty property="ds_attname" prepend=",">#ds_attname#</isNotEmpty>
        </isNotNull>
        <isNotNull property="ds_atturl">
           <isNotEmpty property="ds_atturl" prepend=",">#ds_atturl#</isNotEmpty>
        </isNotNull>
        <isNotNull property="ds_update_time">
           <isNotEmpty property="ds_update_time" prepend=",">#ds_update_time#</isNotEmpty>
        </isNotNull>
        <isNotNull property="ds_update_user">
           <isNotEmpty property="ds_update_user" prepend=",">#ds_update_user#</isNotEmpty>
        </isNotNull>
        <isNotNull property="ds_submit_year"><isNotEmpty property="ds_submit_year" prepend=",">#ds_submit_year#</isNotEmpty></isNotNull>
        <isNotNull property="ds_submit_time"><isNotEmpty property="ds_submit_time" prepend=",">#ds_submit_time#</isNotEmpty></isNotNull>
    </dynamic>
    )
  </insert>
  
  <!--修改 （twg）-->
  <update id="modify" parameterClass="java.util.HashMap">
    UPDATE wt_dept_schedule SET ds_id = #ds_id#
    <dynamic prepend="">
        <isNotNull property="worktask_id">
           <isNotEmpty property="worktask_id" prepend=",">worktask_id = #worktask_id#</isNotEmpty>
        </isNotNull>
        <isNotNull property="dt_dept_task_id">
           <isNotEmpty property="dt_dept_task_id" prepend=",">dt_dept_task_id = #dt_dept_task_id#</isNotEmpty>
        </isNotNull>
        <isNotNull property="dept_id">
           <isNotEmpty property="dept_id" prepend=",">dept_id = #dept_id#</isNotEmpty>
        </isNotNull>
        <isNotNull property="ds_schedule">
           <isNotEmpty property="ds_schedule" prepend=",">ds_schedule = #ds_schedule#</isNotEmpty>
        </isNotNull>
        <isNotNull property="ds_schedule_describe">
           <isNotEmpty property="ds_schedule_describe" prepend=",">ds_schedule_describe = #ds_schedule_describe#</isNotEmpty>
        </isNotNull>
        <isNotNull property="ds_next_plan">
           <isNotEmpty property="ds_next_plan" prepend=",">ds_next_plan = #ds_next_plan#</isNotEmpty>
        </isNotNull>
        <isNotNull property="ds_problem">
           <isNotEmpty property="ds_problem" prepend=",">ds_problem = #ds_problem#</isNotEmpty>
        </isNotNull>
        <isNotNull property="ds_evaluate">
           <isNotEmpty property="ds_evaluate" prepend=",">ds_evaluate = #ds_evaluate#</isNotEmpty>
        </isNotNull>
        <isNotNull property="ds_attname">
           <isNotEmpty property="ds_attname" prepend=",">ds_attname = #ds_attname#</isNotEmpty>
        </isNotNull>
        <isNotNull property="ds_atturl">
           <isNotEmpty property="ds_atturl" prepend=",">ds_atturl = #ds_atturl#</isNotEmpty>
        </isNotNull>
        <isNotNull property="ds_update_time">
           <isNotEmpty property="ds_update_time" prepend=",">ds_update_time = #ds_update_time#</isNotEmpty>
        </isNotNull>
        <isNotNull property="ds_update_user">
           <isNotEmpty property="ds_update_user" prepend=",">ds_update_user = #ds_update_user#</isNotEmpty>
        </isNotNull>
        <isNotNull property="ds_submit_year"><isNotEmpty property="ds_submit_year" prepend=",">ds_submit_year = #ds_submit_year#</isNotEmpty></isNotNull>
        <isNotNull property="ds_submit_time"><isNotEmpty property="ds_submit_time" prepend=",">ds_submit_time = #ds_submit_time#</isNotEmpty></isNotNull>
    </dynamic>
    WHERE ds_id = #ds_id#
  </update>

  <!--删除 （twg）-->
  <update id="remove" parameterClass="java.util.HashMap">
    DELETE FROM wt_dept_schedule WHERE worktask_id = #worktask_id#
  </update>
</sqlMap>  