<!DOCTYPE sqlMap PUBLIC "-//ibatis.apache.org//DTD SQL Map 2.0//EN" "http://ibatis.apache.org/dtd/sql-map-2.dtd">
<sqlMap namespace="worktask.wtEvaluate">
  
  <!--搜索 （twg）-->
  <select id="query" parameterClass="java.util.HashMap" resultClass="java.util.HashMap" remapResults="true">
     SELECT we.we_evaluate_id, we.task_execution_id, we.we_user_id, we.we_time, we.we_content, we.we_level ,msu.real_name 
	FROM wt_evaluate we
	LEFT JOIN mb_sys_user msu ON msu.user_id=we.we_user_id
	WHERE 1 = 1 
     <dynamic prepend="">
       <isNotNull property="we_evaluate_id">
          <isNotEmpty property="we_evaluate_id" prepend="AND"> we.we_evaluate_id = #we_evaluate_id# </isNotEmpty>
       </isNotNull>
       <isNotNull property="task_execution_id">
          <isNotEmpty property="task_execution_id" prepend="AND"> we.task_execution_id = #task_execution_id# </isNotEmpty>
       </isNotNull>
       <isNotNull property="we_user_id">
          <isNotEmpty property="we_user_id" prepend="AND"> we.we_user_id = #we_user_id# </isNotEmpty>
       </isNotNull>
       <isNotNull property="we_time">
          <isNotEmpty property="we_time" prepend="AND"> we.we_time = #we_time# </isNotEmpty>
       </isNotNull>
       <isNotNull property="we_content">
          <isNotEmpty property="we_content" prepend="AND"> we.we_content = #we_content# </isNotEmpty>
       </isNotNull>
       <isNotNull property="we_level">
          <isNotEmpty property="we_level" prepend="AND"> we.we_level = #we_level# </isNotEmpty>
       </isNotNull>
     </dynamic>
     order by we.we_time desc 
  </select>
  
  <!--创建 （twg）-->
  <insert id="create" parameterClass="java.util.HashMap">
    INSERT INTO wt_evaluate (we_evaluate_id
    <dynamic prepend="">
        <isNotNull property="task_execution_id">
	  <isNotEmpty property="task_execution_id" prepend=",">task_execution_id</isNotEmpty>
        </isNotNull>
        <isNotNull property="we_user_id">
	  <isNotEmpty property="we_user_id" prepend=",">we_user_id</isNotEmpty>
        </isNotNull>
        <isNotNull property="we_time">
	  <isNotEmpty property="we_time" prepend=",">we_time</isNotEmpty>
        </isNotNull>
        <isNotNull property="we_content">
	  <isNotEmpty property="we_content" prepend=",">we_content</isNotEmpty>
        </isNotNull>
        <isNotNull property="we_level">
	  <isNotEmpty property="we_level" prepend=",">we_level</isNotEmpty>
        </isNotNull>
    </dynamic>
    ) VALUES (#we_evaluate_id#
    <dynamic prepend="">
        <isNotNull property="task_execution_id">
           <isNotEmpty property="task_execution_id" prepend=",">#task_execution_id#</isNotEmpty>
        </isNotNull>
        <isNotNull property="we_user_id">
           <isNotEmpty property="we_user_id" prepend=",">#we_user_id#</isNotEmpty>
        </isNotNull>
        <isNotNull property="we_time">
           <isNotEmpty property="we_time" prepend=",">#we_time#</isNotEmpty>
        </isNotNull>
        <isNotNull property="we_content">
           <isNotEmpty property="we_content" prepend=",">#we_content#</isNotEmpty>
        </isNotNull>
        <isNotNull property="we_level">
           <isNotEmpty property="we_level" prepend=",">#we_level#</isNotEmpty>
        </isNotNull>
    </dynamic>
    )
  </insert>
  
  <!--修改 （twg）-->
  <update id="modify" parameterClass="java.util.HashMap">
    UPDATE wt_evaluate SET we_evaluate_id = #we_evaluate_id#
    <dynamic prepend="">
        <isNotNull property="task_execution_id">
           <isNotEmpty property="task_execution_id" prepend=",">task_execution_id = #task_execution_id#</isNotEmpty>
        </isNotNull>
        <isNotNull property="we_user_id">
           <isNotEmpty property="we_user_id" prepend=",">we_user_id = #we_user_id#</isNotEmpty>
        </isNotNull>
        <isNotNull property="we_time">
           <isNotEmpty property="we_time" prepend=",">we_time = #we_time#</isNotEmpty>
        </isNotNull>
        <isNotNull property="we_content">
           <isNotEmpty property="we_content" prepend=",">we_content = #we_content#</isNotEmpty>
        </isNotNull>
        <isNotNull property="we_level">
           <isNotEmpty property="we_level" prepend=",">we_level = #we_level#</isNotEmpty>
        </isNotNull>
    </dynamic>
    WHERE we_evaluate_id = #we_evaluate_id#
  </update>

  <!--删除 （twg）-->
  <update id="remove" parameterClass="java.util.HashMap">
    DELETE FROM wt_evaluate WHERE we_evaluate_id = #we_evaluate_id#
  </update>
</sqlMap>  