<!DOCTYPE sqlMap PUBLIC "-//ibatis.apache.org//DTD SQL Map 2.0//EN" "http://ibatis.apache.org/dtd/sql-map-2.dtd">
<sqlMap namespace="worktask.wtNewsRemind">
  
  <!--搜索 （twg）-->
  <select id="query" parameterClass="java.util.HashMap" resultClass="java.util.HashMap" remapResults="true">
    SELECT wnr.wnr_news_remind_id,wnr.task_execution_id,wnr.at_assistunit_id,wnr.rec_user_id, wnr.wnr_type, wnr.wnr_explain, wnr.wnr_mode, 
	wnr.wnr_user_id, wnr.wnr_time, wnr.wnr_count ,wnr.wnr_is_read ,msu.real_name ,wnr.worktask_id ,ta.dept_id,ta.task_arrange_id,
	ta.arrange_explain,ww.title,te.execution_time,te.execution_content
	FROM wt_news_remind wnr
	LEFT JOIN mb_sys_user msu ON msu.user_id=wnr.wnr_user_id
	left JOIN wt_task_execution te ON wnr.task_execution_id=te.task_execution_id 
	LEFT JOIN wt_worktask ww ON wnr.worktask_id=ww.worktask_id
	LEFT JOIN wt_task_arrange ta ON ta.task_arrange_id=te.task_arrange_id
	WHERE 1 = 1 
     <dynamic prepend="">
       <isNotNull property="user_id">
          <isNotEmpty property="user_id" prepend="AND"> te.user_id = #user_id# </isNotEmpty>
       </isNotNull>
       <isNotNull property="worktask_id">
          <isNotEmpty property="worktask_id" prepend="AND"> wnr.worktask_id = #worktask_id# </isNotEmpty>
       </isNotNull>
       <isNotNull property="wnr_news_remind_id">
          <isNotEmpty property="wnr_news_remind_id" prepend="AND"> wnr.wnr_news_remind_id = #wnr_news_remind_id# </isNotEmpty>
       </isNotNull>
       <isNotNull property="task_execution_id">
          <isNotEmpty property="task_execution_id" prepend="AND"> wnr.task_execution_id = #task_execution_id# </isNotEmpty>
       </isNotNull>
       <isNotNull property="dt_dept_task_id">
          <isNotEmpty property="dt_dept_task_id" prepend="AND"> wnr.dt_dept_task_id = #dt_dept_task_id# </isNotEmpty>
       </isNotNull>
       <isNotNull property="at_assistunit_id">
          <isNotEmpty property="at_assistunit_id" prepend="AND"> wnr.at_assistunit_id = #at_assistunit_id# </isNotEmpty>
       </isNotNull>
       <isNotNull property="rec_user_id">
          <isNotEmpty property="rec_user_id" prepend="or"> wnr.rec_user_id = #rec_user_id# </isNotEmpty>
       </isNotNull>
       <isNotNull property="wnr_type">
          <isNotEmpty property="wnr_type" prepend="AND"> wnr.wnr_type = #wnr_type# </isNotEmpty>
       </isNotNull>
       <isNotNull property="wnr_type_level">
          <isNotEmpty property="wnr_type_level" prepend="AND"> wnr.wnr_type &lt; 2 </isNotEmpty>
       </isNotNull>
       <isNotNull property="wnr_explain">
          <isNotEmpty property="wnr_explain" prepend="AND"> wnr.wnr_explain = #wnr_explain# </isNotEmpty>
       </isNotNull>
       <isNotNull property="wnr_mode">
          <isNotEmpty property="wnr_mode" prepend="AND"> wnr.wnr_mode = #wnr_mode# </isNotEmpty>
       </isNotNull>
       <isNotNull property="wnr_user_id">
          <isNotEmpty property="wnr_user_id" prepend="AND"> wnr.wnr_user_id = #wnr_user_id# </isNotEmpty>
       </isNotNull>
       <isNotNull property="wnr_time">
          <isNotEmpty property="wnr_time" prepend="AND"> wnr.wnr_time = #wnr_time# </isNotEmpty>
       </isNotNull>
       <isNotNull property="wnr_count">
          <isNotEmpty property="wnr_count" prepend="AND"> wnr.wnr_count = #wnr_count# </isNotEmpty>
       </isNotNull>
       <isNotNull property="wnr_is_read">
          <isNotEmpty property="wnr_is_read" prepend="AND"> wnr.wnr_is_read = #wnr_is_read# </isNotEmpty>
       </isNotNull>
     </dynamic>
     order by wnr.wnr_time desc
  </select>
  
  <!--创建 （twg）-->
  <insert id="create" parameterClass="java.util.HashMap">
    INSERT INTO wt_news_remind (wnr_news_remind_id
    <dynamic prepend="">
    	<isNotNull property="worktask_id">
	  <isNotEmpty property="worktask_id" prepend=",">worktask_id</isNotEmpty>
        </isNotNull>
        <isNotNull property="task_execution_id">
	  <isNotEmpty property="task_execution_id" prepend=",">task_execution_id</isNotEmpty>
        </isNotNull>
        <isNotNull property="dt_dept_task_id">
	  <isNotEmpty property="dt_dept_task_id" prepend=",">dt_dept_task_id</isNotEmpty>
        </isNotNull>
        <isNotNull property="at_assistunit_id">
	  <isNotEmpty property="at_assistunit_id" prepend=",">at_assistunit_id</isNotEmpty>
        </isNotNull>
        <isNotNull property="rec_user_id">
	  <isNotEmpty property="rec_user_id" prepend=",">rec_user_id</isNotEmpty>
        </isNotNull>
        <isNotNull property="wnr_type">
	  <isNotEmpty property="wnr_type" prepend=",">wnr_type</isNotEmpty>
        </isNotNull>
        <isNotNull property="wnr_explain">
	  <isNotEmpty property="wnr_explain" prepend=",">wnr_explain</isNotEmpty>
        </isNotNull>
        <isNotNull property="wnr_mode">
	  <isNotEmpty property="wnr_mode" prepend=",">wnr_mode</isNotEmpty>
        </isNotNull>
        <isNotNull property="wnr_user_id">
	  <isNotEmpty property="wnr_user_id" prepend=",">wnr_user_id</isNotEmpty>
        </isNotNull>
        <isNotNull property="wnr_time">
	  <isNotEmpty property="wnr_time" prepend=",">wnr_time</isNotEmpty>
        </isNotNull>
        <isNotNull property="wnr_count">
	  <isNotEmpty property="wnr_count" prepend=",">wnr_count</isNotEmpty>
        </isNotNull>
        <isNotNull property="wnr_is_read">
	  <isNotEmpty property="wnr_is_read" prepend=",">wnr_is_read</isNotEmpty>
        </isNotNull>
    </dynamic>
    ) VALUES (#wnr_news_remind_id#
    <dynamic prepend="">
    	<isNotNull property="worktask_id">
	  		<isNotEmpty property="worktask_id" prepend=",">#worktask_id#</isNotEmpty>
        </isNotNull>
        <isNotNull property="task_execution_id">
           <isNotEmpty property="task_execution_id" prepend=",">#task_execution_id#</isNotEmpty>
        </isNotNull>
        <isNotNull property="dt_dept_task_id">
	  		<isNotEmpty property="dt_dept_task_id" prepend=",">#dt_dept_task_id#</isNotEmpty>
        </isNotNull>
        <isNotNull property="at_assistunit_id">
	  		<isNotEmpty property="at_assistunit_id" prepend=",">#at_assistunit_id#</isNotEmpty>
        </isNotNull>
        <isNotNull property="rec_user_id">
	  <isNotEmpty property="rec_user_id" prepend=",">#rec_user_id#</isNotEmpty>
        </isNotNull>
        <isNotNull property="wnr_type">
           <isNotEmpty property="wnr_type" prepend=",">#wnr_type#</isNotEmpty>
        </isNotNull>
        <isNotNull property="wnr_explain">
           <isNotEmpty property="wnr_explain" prepend=",">#wnr_explain#</isNotEmpty>
        </isNotNull>
        <isNotNull property="wnr_mode">
           <isNotEmpty property="wnr_mode" prepend=",">#wnr_mode#</isNotEmpty>
        </isNotNull>
        <isNotNull property="wnr_user_id">
           <isNotEmpty property="wnr_user_id" prepend=",">#wnr_user_id#</isNotEmpty>
        </isNotNull>
        <isNotNull property="wnr_time">
           <isNotEmpty property="wnr_time" prepend=",">#wnr_time#</isNotEmpty>
        </isNotNull>
        <isNotNull property="wnr_count">
           <isNotEmpty property="wnr_count" prepend=",">#wnr_count#</isNotEmpty>
        </isNotNull>
        <isNotNull property="wnr_is_read">
           <isNotEmpty property="wnr_is_read" prepend=",">#wnr_is_read#</isNotEmpty>
        </isNotNull>
    </dynamic>
    )
  </insert>
  
  <!--修改 （twg）-->
  <update id="modify" parameterClass="java.util.HashMap">
    UPDATE wt_news_remind SET wnr_news_remind_id = #wnr_news_remind_id#
    <dynamic prepend="">
    	<isNotNull property="worktask_id">
	  		<isNotEmpty property="worktask_id" prepend=",">worktask_id = #worktask_id#</isNotEmpty>
        </isNotNull>
        <isNotNull property="task_execution_id">
           <isNotEmpty property="task_execution_id" prepend=",">task_execution_id = #task_execution_id#</isNotEmpty>
        </isNotNull>
        <isNotNull property="dt_dept_task_id">
	  		<isNotEmpty property="dt_dept_task_id" prepend=",">dt_dept_task_id = #dt_dept_task_id#</isNotEmpty>
        </isNotNull>
        <isNotNull property="at_assistunit_id">
	  		<isNotEmpty property="at_assistunit_id" prepend=",">at_assistunit_id = #at_assistunit_id#</isNotEmpty>
        </isNotNull>
        <isNotNull property="rec_user_id">
	  		<isNotEmpty property="rec_user_id" prepend=",">rec_user_id = #rec_user_id#</isNotEmpty>
        </isNotNull>
        <isNotNull property="wnr_type">
           <isNotEmpty property="wnr_type" prepend=",">wnr_type = #wnr_type#</isNotEmpty>
        </isNotNull>
        <isNotNull property="wnr_explain">
           <isNotEmpty property="wnr_explain" prepend=",">wnr_explain = #wnr_explain#</isNotEmpty>
        </isNotNull>
        <isNotNull property="wnr_mode">
           <isNotEmpty property="wnr_mode" prepend=",">wnr_mode = #wnr_mode#</isNotEmpty>
        </isNotNull>
        <isNotNull property="wnr_user_id">
           <isNotEmpty property="wnr_user_id" prepend=",">wnr_user_id = #wnr_user_id#</isNotEmpty>
        </isNotNull>
        <isNotNull property="wnr_time">
           <isNotEmpty property="wnr_time" prepend=",">wnr_time = #wnr_time#</isNotEmpty>
        </isNotNull>
        <isNotNull property="wnr_count">
           <isNotEmpty property="wnr_count" prepend=",">wnr_count = #wnr_count#</isNotEmpty>
        </isNotNull>
        <isNotNull property="wnr_is_read">
           <isNotEmpty property="wnr_is_read" prepend=",">wnr_is_read = #wnr_is_read#</isNotEmpty>
        </isNotNull>
    </dynamic>
    WHERE wnr_news_remind_id = #wnr_news_remind_id#
  </update>

  <!--删除 （twg）-->
  <update id="remove" parameterClass="java.util.HashMap">
    DELETE FROM wt_news_remind WHERE wnr_news_remind_id = #wnr_news_remind_id# <!-- and wnr_is_read='Y' --> 
  </update>
  <!--删除 （twg）-->
  <update id="removeByTeId" parameterClass="java.util.HashMap">
    DELETE FROM wt_news_remind WHERE task_execution_id = #task_execution_id# <!-- and wnr_is_read='Y' --> 
  </update>
  
  <!-- 查询部门事项消息 （twg）-->
  <select id="queryDeptNewsRemind" parameterClass="java.util.HashMap" resultClass="java.util.HashMap" remapResults="true">
    SELECT nr.wnr_news_remind_id, nr.task_execution_id, nr.dt_dept_task_id,nr.at_assistunit_id, nr.wnr_type, 
	nr.wnr_explain, nr.wnr_mode, nr.wnr_user_id, nr.wnr_time, nr.wnr_count, nr.wnr_is_read,su.real_name,sd.dept_id,
	nr.worktask_id,ww.title,dt.dt_task_explain AS arrange_explain,dt.dt_schedule_describe AS execution_content,dt.dt_update_time AS execution_time
	FROM wt_news_remind nr 
	LEFT JOIN mb_sys_user su ON su.user_id=nr.wnr_user_id
	LEFT JOIN wt_dept_task dt ON nr.dt_dept_task_id=dt.dt_dept_task_id
	LEFT JOIN mb_sys_dept sd ON sd.dept_id=dt.dept_id
	LEFT JOIN wt_worktask ww ON ww.worktask_id=nr.worktask_id
	WHERE dt.dept_id IN (SELECT sud.dept_id FROM mb_sys_user_dept sud WHERE sud.user_id=#user_id#) 
     <dynamic prepend="">
       <isNotNull property="wnr_is_read">
          <isNotEmpty property="wnr_is_read" prepend="AND"> nr.wnr_is_read = #wnr_is_read# </isNotEmpty>
       </isNotNull>
     </dynamic>
     order by nr.wnr_time desc
  </select>
</sqlMap>  