<!DOCTYPE sqlMap PUBLIC "-//ibatis.apache.org//DTD SQL Map 2.0//EN" "http://ibatis.apache.org/dtd/sql-map-2.dtd">
<sqlMap namespace="worktask.wtProjectType">
  
  <!--搜索 （twg）-->
  <select id="query" parameterClass="java.util.HashMap" resultClass="java.util.HashMap" remapResults="true">
    SELECT pt.wpt_type_id, pt.wpt_type_name, pt.wpt_alias, pt.wpt_which, pt.wpt_is_use ,
	pt.wpt_title,pt.wpt_num,pt.wpt_send_user,pt.wpt_send_time,pt.wpt_file_type,pt.wpt_file,pt.wpt_file_url,pt.wpt_explain,
	pt.wpt_opt_type,pt.wpt_opt_date,wpt.wpt_type_name AS parent_name
	FROM wt_project_type pt
	LEFT JOIN wt_project_type wpt ON pt.wpt_alias=wpt.wpt_type_id
	WHERE 1 = 1 
     <dynamic prepend="">
       <isNotNull property="wpt_type_id">
          <isNotEmpty property="wpt_type_id" prepend="AND"> pt.wpt_type_id = #wpt_type_id# </isNotEmpty>
       </isNotNull>
       <isNotNull property="wpt_type_name">
          <isNotEmpty property="wpt_type_name" prepend="AND"> pt.wpt_type_name = #wpt_type_name# </isNotEmpty>
       </isNotNull>
       <isNotNull property="wpt_alias">
          <isNotEmpty property="wpt_alias" prepend="AND"> pt.wpt_alias = #wpt_alias# </isNotEmpty>
       </isNotNull>
       <isNotNull property="wpt_which">
          <isNotEmpty property="wpt_which" prepend="AND"> pt.wpt_which = #wpt_which# </isNotEmpty>
       </isNotNull>
       <isNotNull property="wpt_is_use">
          <isNotEmpty property="wpt_is_use" prepend="AND"> pt.wpt_is_use = #wpt_is_use# </isNotEmpty>
       </isNotNull>
       <isNotNull property="wpt_file_type">
          <isNotEmpty property="wpt_file_type" prepend="AND"> pt.wpt_file_type = #wpt_file_type# </isNotEmpty>
       </isNotNull>
       <isNotNull property="wpt_opt_type">
          <isNotEmpty property="wpt_opt_type" prepend="AND"> pt.wpt_opt_type = #wpt_opt_type# </isNotEmpty>
       </isNotNull>
       <isNotNull property="wpt_title">
          <isNotEmpty property="wpt_title" prepend="AND"> pt.wpt_title like '%$wpt_title$%' </isNotEmpty>
       </isNotNull>
       <isNotNull property="wpt_num">
          <isNotEmpty property="wpt_num" prepend="AND"> pt.wpt_num like '%$wpt_num$%' </isNotEmpty>
       </isNotNull>
     </dynamic>
     order by pt.wpt_send_time desc 
  </select>
  
  <!--创建 （twg）-->
  <insert id="create" parameterClass="java.util.HashMap">
    INSERT INTO wt_project_type (wpt_type_id
    <dynamic prepend="">
        <isNotNull property="wpt_type_name">
	  <isNotEmpty property="wpt_type_name" prepend=",">wpt_type_name</isNotEmpty>
        </isNotNull>
      ,wpt_alias
        <isNotNull property="wpt_which">
	  <isNotEmpty property="wpt_which" prepend=",">wpt_which</isNotEmpty>
        </isNotNull>
        <isNotNull property="wpt_is_use">
	  <isNotEmpty property="wpt_is_use" prepend=",">wpt_is_use</isNotEmpty>
        </isNotNull>
      <isNotNull property="wpt_title"><isNotEmpty property="wpt_title" prepend=",">wpt_title</isNotEmpty></isNotNull>
      <isNotNull property="wpt_num"><isNotEmpty property="wpt_num" prepend=",">wpt_num</isNotEmpty></isNotNull>
      <isNotNull property="wpt_send_user"><isNotEmpty property="wpt_send_user" prepend=",">wpt_send_user</isNotEmpty></isNotNull>
      <isNotNull property="wpt_send_time"><isNotEmpty property="wpt_send_time" prepend=",">wpt_send_time</isNotEmpty></isNotNull>
      <isNotNull property="wpt_file_type"><isNotEmpty property="wpt_file_type" prepend=",">wpt_file_type</isNotEmpty></isNotNull>
      <isNotNull property="wpt_file"><isNotEmpty property="wpt_file" prepend=",">wpt_file</isNotEmpty></isNotNull>
      <isNotNull property="wpt_file_url"><isNotEmpty property="wpt_file_url" prepend=",">wpt_file_url</isNotEmpty></isNotNull>
      <isNotNull property="wpt_explain"><isNotEmpty property="wpt_explain" prepend=",">wpt_explain</isNotEmpty></isNotNull>
      <isNotNull property="wpt_opt_type"><isNotEmpty property="wpt_opt_type" prepend=",">wpt_opt_type</isNotEmpty></isNotNull>
      <isNotNull property="wpt_opt_date"><isNotEmpty property="wpt_opt_date" prepend=",">wpt_opt_date</isNotEmpty></isNotNull>
    </dynamic>
    ) VALUES (#wpt_type_id#
    <dynamic prepend="">
        <isNotNull property="wpt_type_name">
           <isNotEmpty property="wpt_type_name" prepend=",">#wpt_type_name#</isNotEmpty>
        </isNotNull>
        ,#wpt_alias#
        <isNotNull property="wpt_which">
           <isNotEmpty property="wpt_which" prepend=",">#wpt_which#</isNotEmpty>
        </isNotNull>
        <isNotNull property="wpt_is_use">
           <isNotEmpty property="wpt_is_use" prepend=",">#wpt_is_use#</isNotEmpty>
        </isNotNull>
        <isNotNull property="wpt_title"><isNotEmpty property="wpt_title" prepend=",">#wpt_title#</isNotEmpty></isNotNull>
	    <isNotNull property="wpt_num"><isNotEmpty property="wpt_num" prepend=",">#wpt_num#</isNotEmpty></isNotNull>
	    <isNotNull property="wpt_send_user"><isNotEmpty property="wpt_send_user" prepend=",">#wpt_send_user#</isNotEmpty></isNotNull>
	    <isNotNull property="wpt_send_time"><isNotEmpty property="wpt_send_time" prepend=",">#wpt_send_time#</isNotEmpty></isNotNull>
	    <isNotNull property="wpt_file_type"><isNotEmpty property="wpt_file_type" prepend=",">#wpt_file_type#</isNotEmpty></isNotNull>
	    <isNotNull property="wpt_file"><isNotEmpty property="wpt_file" prepend=",">#wpt_file#</isNotEmpty></isNotNull>
	    <isNotNull property="wpt_file_url"><isNotEmpty property="wpt_file_url" prepend=",">#wpt_file_url#</isNotEmpty></isNotNull>
	    <isNotNull property="wpt_explain"><isNotEmpty property="wpt_explain" prepend=",">#wpt_explain#</isNotEmpty></isNotNull>
	    <isNotNull property="wpt_opt_type"><isNotEmpty property="wpt_opt_type" prepend=",">#wpt_opt_type#</isNotEmpty></isNotNull>
      	<isNotNull property="wpt_opt_date"><isNotEmpty property="wpt_opt_date" prepend=",">#wpt_opt_date#</isNotEmpty></isNotNull>
    </dynamic>
    )
  </insert>
  
  <!--修改 （twg）-->
  <update id="modify" parameterClass="java.util.HashMap">
    UPDATE wt_project_type SET wpt_type_id = #wpt_type_id#
    <dynamic prepend="">
        <isNotNull property="wpt_type_name">
           <isNotEmpty property="wpt_type_name" prepend=",">wpt_type_name = #wpt_type_name#</isNotEmpty>
        </isNotNull>
        ,wpt_alias = #wpt_alias#
        <isNotNull property="wpt_which">
           <isNotEmpty property="wpt_which" prepend=",">wpt_which = #wpt_which#</isNotEmpty>
        </isNotNull>
        <isNotNull property="wpt_is_use">
           <isNotEmpty property="wpt_is_use" prepend=",">wpt_is_use = #wpt_is_use#</isNotEmpty>
        </isNotNull>
        <isNotNull property="wpt_title"><isNotEmpty property="wpt_title" prepend=",">wpt_title = #wpt_title#</isNotEmpty></isNotNull>
        <isNotNull property="wpt_num"><isNotEmpty property="wpt_num" prepend=",">wpt_num = #wpt_num#</isNotEmpty></isNotNull>
        <isNotNull property="wpt_send_user"><isNotEmpty property="wpt_send_user" prepend=",">wpt_send_user = #wpt_send_user#</isNotEmpty></isNotNull>
        <isNotNull property="wpt_send_time"><isNotEmpty property="wpt_send_time" prepend=",">wpt_send_time = #wpt_send_time#</isNotEmpty></isNotNull>
        <isNotNull property="wpt_file_type"><isNotEmpty property="wpt_file_type" prepend=",">wpt_file_type = #wpt_file_type#</isNotEmpty></isNotNull>
        <isNotNull property="wpt_file"><isNotEmpty property="wpt_file" prepend=",">wpt_file = #wpt_file#</isNotEmpty></isNotNull>
        <isNotNull property="wpt_file_url"><isNotEmpty property="wpt_file_url" prepend=",">wpt_file_url = #wpt_file_url#</isNotEmpty></isNotNull>
        <isNotNull property="wpt_explain"><isNotEmpty property="wpt_explain" prepend=",">wpt_explain = #wpt_explain#</isNotEmpty></isNotNull>
        <isNotNull property="wpt_opt_type"><isNotEmpty property="wpt_opt_type" prepend=",">wpt_opt_type = #wpt_opt_type#</isNotEmpty></isNotNull>
      	<isNotNull property="wpt_opt_date"><isNotEmpty property="wpt_opt_date" prepend=",">wpt_opt_date = #wpt_opt_date#</isNotEmpty></isNotNull>
    </dynamic>
    WHERE wpt_type_id = #wpt_type_id#
  </update>

  <!--删除 （twg）-->
  <update id="remove" parameterClass="java.util.HashMap">
  <!--
    DELETE FROM wt_project_type WHERE wpt_type_id = #wpt_type_id#
  -->
  	UPDATE wt_project_type SET wpt_is_use = 'N' WHERE wpt_type_id = #wpt_type_id#
  </update>
</sqlMap>  