<!DOCTYPE sqlMap PUBLIC "-//ibatis.apache.org//DTD SQL Map 2.0//EN" "http://ibatis.apache.org/dtd/sql-map-2.dtd">
<sqlMap namespace="worktask.wtTaskArrange">
  
  <!--搜索 （twg）-->
  <select id="query" parameterClass="java.util.HashMap" resultClass="java.util.HashMap" remapResults="true">
     SELECT ta.task_arrange_id, ta.worktask_id, ta.user_id, ta.arrange_explain, ta.task_status,ta.dept_id, 
	ta.task_status_time, ta.task_status_explain,ta.arr_start_time,ta.arr_end_time,ta.attr_name,ta.attr_url,ta.create_time,
	ta.is_sign, ta.schedule, ta.sort, ta.evaluate, ta.score, ta.is_cancel , su.real_name 
	FROM wt_task_arrange ta 
	INNER JOIN mb_sys_user su ON ta.user_id = su.user_id 
	LEFT JOIN wt_worktask ww ON ta.worktask_id=ww.worktask_id
	WHERE 1 = 1 
     <dynamic prepend="">
       <isNotNull property="task_arrange_id">
          <isNotEmpty property="task_arrange_id" prepend="AND"> ta.task_arrange_id = #task_arrange_id# </isNotEmpty>
       </isNotNull>
       <isNotNull property="worktask_id">
          <isNotEmpty property="worktask_id" prepend="AND"> ta.worktask_id = #worktask_id# </isNotEmpty>
       </isNotNull>
       <isNotNull property="dept_id">
          <isNotEmpty property="dept_id" prepend="AND"> ta.dept_id = #dept_id# </isNotEmpty>
       </isNotNull>
       <isNotNull property="user_id">
          <isNotEmpty property="user_id" prepend="AND"> ta.user_id = #user_id# </isNotEmpty>
       </isNotNull>
       <isNotNull property="arrange_explain">
          <isNotEmpty property="arrange_explain" prepend="AND"> ta.arrange_explain = #arrange_explain# </isNotEmpty>
       </isNotNull>
       <isNotNull property="task_status">
          <isNotEmpty property="task_status" prepend="AND"> ta.task_status = #task_status# </isNotEmpty>
       </isNotNull>
       <isNotNull property="task_status_time">
          <isNotEmpty property="task_status_time" prepend="AND"> ta.task_status_time = #task_status_time# </isNotEmpty>
       </isNotNull>
       <isNotNull property="task_status_explain">
          <isNotEmpty property="task_status_explain" prepend="AND"> ta.task_status_explain = #task_status_explain# </isNotEmpty>
       </isNotNull>
       <isNotNull property="is_sign">
          <isNotEmpty property="is_sign" prepend="AND"> ta.is_sign = #is_sign# </isNotEmpty>
       </isNotNull>
       <isNotNull property="schedule">
          <isNotEmpty property="schedule" prepend="AND"> ta.schedule = #schedule# </isNotEmpty>
       </isNotNull>
       <isNotNull property="sort">
          <isNotEmpty property="sort" prepend="AND"> ta.sort = #sort# </isNotEmpty>
       </isNotNull>
       <isNotNull property="evaluate">
          <isNotEmpty property="evaluate" prepend="AND"> ta.evaluate = #evaluate# </isNotEmpty>
       </isNotNull>
       <isNotNull property="score">
          <isNotEmpty property="score" prepend="AND"> ta.score = #score# </isNotEmpty>
       </isNotNull>
       <isNotNull property="is_cancel">
          <isNotEmpty property="is_cancel" prepend="AND"> ta.is_cancel = #is_cancel# </isNotEmpty>
       </isNotNull>
       <isNotNull property="task_status">
          <isNotEmpty property="task_status" prepend="AND"> ww.task_status = #task_status# </isNotEmpty>
       </isNotNull>
       <isNotNull property="start_time">
          <isNotEmpty property="start_time" prepend="AND"> <![CDATA[ ww.launch_time >= #start_time# ]]></isNotEmpty>
       </isNotNull>
       <isNotNull property="end_time">
          <isNotEmpty property="end_time" prepend="AND"> <![CDATA[  ww.launch_time <= #end_time# ]]></isNotEmpty>
       </isNotNull>
     </dynamic>
     order by ta.schedule 
  </select>
  
  <!--创建 （twg）-->
  <insert id="create" parameterClass="java.util.HashMap">
    INSERT INTO wt_task_arrange (task_arrange_id
    <dynamic prepend="">
        <isNotNull property="worktask_id">
	  <isNotEmpty property="worktask_id" prepend=",">worktask_id</isNotEmpty>
        </isNotNull>
        <isNotNull property="user_id">
	  <isNotEmpty property="user_id" prepend=",">user_id</isNotEmpty>
        </isNotNull>
        <isNotNull property="dept_id">
	  <isNotEmpty property="dept_id" prepend=",">dept_id</isNotEmpty>
        </isNotNull>
        <isNotNull property="arrange_explain">
	  <isNotEmpty property="arrange_explain" prepend=",">arrange_explain</isNotEmpty>
        </isNotNull>
        <isNotNull property="task_status">
	  <isNotEmpty property="task_status" prepend=",">task_status</isNotEmpty>
        </isNotNull>
        <isNotNull property="task_status_time">
	  <isNotEmpty property="task_status_time" prepend=",">task_status_time</isNotEmpty>
        </isNotNull>
        <isNotNull property="task_status_explain">
	  <isNotEmpty property="task_status_explain" prepend=",">task_status_explain</isNotEmpty>
        </isNotNull>
        <isNotNull property="is_sign">
	  <isNotEmpty property="is_sign" prepend=",">is_sign</isNotEmpty>
        </isNotNull>
        <isNotNull property="schedule">
	  <isNotEmpty property="schedule" prepend=",">schedule</isNotEmpty>
        </isNotNull>
        <isNotNull property="sort">
	  <isNotEmpty property="sort" prepend=",">sort</isNotEmpty>
        </isNotNull>
        <isNotNull property="evaluate">
	  <isNotEmpty property="evaluate" prepend=",">evaluate</isNotEmpty>
        </isNotNull>
        <isNotNull property="score">
	  <isNotEmpty property="score" prepend=",">score</isNotEmpty>
        </isNotNull>
        <isNotNull property="is_cancel">
	  <isNotEmpty property="is_cancel" prepend=",">is_cancel</isNotEmpty>
        </isNotNull>
        <isNotNull property="arr_start_time">
	  <isNotEmpty property="arr_start_time" prepend=",">arr_start_time</isNotEmpty>
        </isNotNull>
        <isNotNull property="arr_end_time">
	  <isNotEmpty property="arr_end_time" prepend=",">arr_end_time</isNotEmpty>
        </isNotNull>
        <isNotNull property="attr_name">
	  <isNotEmpty property="attr_name" prepend=",">attr_name</isNotEmpty>
        </isNotNull>
        <isNotNull property="attr_url">
	  <isNotEmpty property="attr_url" prepend=",">attr_url</isNotEmpty>
        </isNotNull>
        <isNotNull property="create_time">
	  <isNotEmpty property="create_time" prepend=",">create_time</isNotEmpty>
        </isNotNull>
    </dynamic>
    ) VALUES (#task_arrange_id#
    <dynamic prepend="">
        <isNotNull property="worktask_id">
           <isNotEmpty property="worktask_id" prepend=",">#worktask_id#</isNotEmpty>
        </isNotNull>
        <isNotNull property="user_id">
           <isNotEmpty property="user_id" prepend=",">#user_id#</isNotEmpty>
        </isNotNull>
        <isNotNull property="dept_id">
           <isNotEmpty property="dept_id" prepend=",">#dept_id#</isNotEmpty>
        </isNotNull>
        <isNotNull property="arrange_explain">
           <isNotEmpty property="arrange_explain" prepend=",">#arrange_explain#</isNotEmpty>
        </isNotNull>
        <isNotNull property="task_status">
           <isNotEmpty property="task_status" prepend=",">#task_status#</isNotEmpty>
        </isNotNull>
        <isNotNull property="task_status_time">
           <isNotEmpty property="task_status_time" prepend=",">#task_status_time#</isNotEmpty>
        </isNotNull>
        <isNotNull property="task_status_explain">
           <isNotEmpty property="task_status_explain" prepend=",">#task_status_explain#</isNotEmpty>
        </isNotNull>
        <isNotNull property="is_sign">
           <isNotEmpty property="is_sign" prepend=",">#is_sign#</isNotEmpty>
        </isNotNull>
        <isNotNull property="schedule">
           <isNotEmpty property="schedule" prepend=",">#schedule#</isNotEmpty>
        </isNotNull>
        <isNotNull property="sort">
           <isNotEmpty property="sort" prepend=",">#sort#</isNotEmpty>
        </isNotNull>
        <isNotNull property="evaluate">
           <isNotEmpty property="evaluate" prepend=",">#evaluate#</isNotEmpty>
        </isNotNull>
        <isNotNull property="score">
           <isNotEmpty property="score" prepend=",">#score#</isNotEmpty>
        </isNotNull>
        <isNotNull property="is_cancel">
           <isNotEmpty property="is_cancel" prepend=",">#is_cancel#</isNotEmpty>
        </isNotNull>
        <isNotNull property="arr_start_time">
           <isNotEmpty property="arr_start_time" prepend=",">#arr_start_time#</isNotEmpty>
        </isNotNull>
        <isNotNull property="arr_end_time">
           <isNotEmpty property="arr_end_time" prepend=",">#arr_end_time#</isNotEmpty>
        </isNotNull>
        <isNotNull property="attr_name">
           <isNotEmpty property="attr_name" prepend=",">#attr_name#</isNotEmpty>
        </isNotNull>
        <isNotNull property="attr_url">
           <isNotEmpty property="attr_url" prepend=",">#attr_url#</isNotEmpty>
        </isNotNull>
        <isNotNull property="create_time">
           <isNotEmpty property="create_time" prepend=",">#create_time#</isNotEmpty>
        </isNotNull>
    </dynamic>
    )
  </insert>
  
  <!--修改 （twg）-->
  <update id="modify" parameterClass="java.util.HashMap">
    UPDATE wt_task_arrange SET task_arrange_id = #task_arrange_id#
    <dynamic prepend="">
        <isNotNull property="worktask_id">
           <isNotEmpty property="worktask_id" prepend=",">worktask_id = #worktask_id#</isNotEmpty>
        </isNotNull>
        <isNotNull property="user_id">
           <isNotEmpty property="user_id" prepend=",">user_id = #user_id#</isNotEmpty>
        </isNotNull>
        <isNotNull property="dept_id">
           <isNotEmpty property="dept_id" prepend=",">dept_id = #dept_id#</isNotEmpty>
        </isNotNull>
        <isNotNull property="arrange_explain">
           <isNotEmpty property="arrange_explain" prepend=",">arrange_explain = #arrange_explain#</isNotEmpty>
        </isNotNull>
        <isNotNull property="task_status">
           <isNotEmpty property="task_status" prepend=",">task_status = #task_status#</isNotEmpty>
        </isNotNull>
        <isNotNull property="task_status_time">
           <isNotEmpty property="task_status_time" prepend=",">task_status_time = #task_status_time#</isNotEmpty>
        </isNotNull>
        <isNotNull property="task_status_explain">
           <isNotEmpty property="task_status_explain" prepend=",">task_status_explain = #task_status_explain#</isNotEmpty>
        </isNotNull>
        <isNotNull property="is_sign">
           <isNotEmpty property="is_sign" prepend=",">is_sign = #is_sign#</isNotEmpty>
        </isNotNull>
        <isNotNull property="schedule">
           <isNotEmpty property="schedule" prepend=",">schedule = #schedule#</isNotEmpty>
        </isNotNull>
        <isNotNull property="sort">
           <isNotEmpty property="sort" prepend=",">sort = #sort#</isNotEmpty>
        </isNotNull>
        <isNotNull property="evaluate">
           <isNotEmpty property="evaluate" prepend=",">evaluate = #evaluate#</isNotEmpty>
        </isNotNull>
        <isNotNull property="score">
           <isNotEmpty property="score" prepend=",">score = #score#</isNotEmpty>
        </isNotNull>
        <isNotNull property="is_cancel">
           <isNotEmpty property="is_cancel" prepend=",">is_cancel = #is_cancel#</isNotEmpty>
        </isNotNull>
        <isNotNull property="arr_start_time">
           <isNotEmpty property="arr_start_time" prepend=",">arr_start_time = #arr_start_time#</isNotEmpty>
        </isNotNull>
        <isNotNull property="arr_end_time">
           <isNotEmpty property="arr_end_time" prepend=",">arr_end_time = #arr_end_time#</isNotEmpty>
        </isNotNull>
        <isNotNull property="attr_name">
           <isNotEmpty property="attr_name" prepend=",">attr_name = #attr_name#</isNotEmpty>
        </isNotNull>
        <isNotNull property="attr_url">
           <isNotEmpty property="attr_url" prepend=",">attr_url = #attr_url#</isNotEmpty>
        </isNotNull>
    </dynamic>
    WHERE task_arrange_id = #task_arrange_id#
  </update>

  <!--删除 （twg）-->
  <update id="remove" parameterClass="java.util.HashMap">
    DELETE FROM wt_task_arrange WHERE worktask_id = #worktask_id#
  </update>
  
  <!--我的所有工作任务 （twg）-->
  <select id="queryMyWorkTask" parameterClass="java.util.HashMap" resultClass="java.util.HashMap" remapResults="true">
  	select * from (
     SELECT ww.*,ta.task_status AS arr_task_status,ta.task_status_time AS arr_task_status_time,ta.create_time,ta.arr_start_time,ta.arr_start_time as dt_start_time,
     ta.arr_end_time,ta.arr_end_time as dt_end_time,ta.dept_id,wpt.wpt_alias,msd.dept_name,
	ta.is_sign AS arr_is_sign,ta.schedule AS arr_schedule,ta.sort AS arr_sort,ta.task_arrange_id,su.real_name,
	te.submit_time,te.submit_year,te.task_execution_id,
	(SELECT CONVERT(GROUP_CONCAT(CONCAT(wte.submit_year,'-',wte.submit_time)) USING utf8) AS aaa 
	FROM wt_task_execution wte WHERE wte.task_arrange_id=ta.task_arrange_id) AS history_dept_schedule
	FROM wt_task_arrange ta
	LEFT JOIN wt_task_execution te ON te.task_arrange_id = ta.task_arrange_id 
	INNER JOIN wt_worktask ww ON ta.worktask_id=ww.worktask_id 
	INNER JOIN wt_project_type wpt ON ww.wpt_type_id=wpt.wpt_type_id
	INNER JOIN mb_sys_user su ON ww.launch_user=su.user_id
	INNER JOIN mb_sys_dept msd ON msd.dept_id=ta.dept_id 
	WHERE ta.user_id=#user_id# and ta.is_cancel='N' and ww.is_delete='N' and ww.task_status = 'A' 
     <dynamic prepend="">
       <isNotNull property="task_arrange_id">
          <isNotEmpty property="task_arrange_id" prepend="AND"> ta.task_arrange_id = #task_arrange_id# </isNotEmpty>
       </isNotNull>
       <isNotNull property="worktask_id">
          <isNotEmpty property="worktask_id" prepend="AND"> ta.worktask_id = #worktask_id# </isNotEmpty>
       </isNotNull>
       <isNotNull property="wpt_type_id">
          <isNotEmpty property="wpt_type_id" prepend="AND"> ww.wpt_type_id = #wpt_type_id# </isNotEmpty>
       </isNotNull>
       <isNotNull property="user_id">
          <isNotEmpty property="user_id" prepend="AND"> ta.user_id = #user_id# </isNotEmpty>
       </isNotNull>
       <isNotNull property="arrange_explain">
          <isNotEmpty property="arrange_explain" prepend="AND"> ta.arrange_explain = #arrange_explain# </isNotEmpty>
       </isNotNull>
       <isNotNull property="task_status">
          <isNotEmpty property="task_status" prepend="AND"> ta.task_status = #task_status# </isNotEmpty>
       </isNotNull>
       <isNotNull property="my_task_status">
          <isNotEmpty property="my_task_status" prepend="AND"> ta.task_status != 'E' </isNotEmpty>
       </isNotNull>
       <isNotNull property="task_status_time">
          <isNotEmpty property="task_status_time" prepend="AND"> ta.task_status_time = #task_status_time# </isNotEmpty>
       </isNotNull>
       <isNotNull property="task_status_explain">
          <isNotEmpty property="task_status_explain" prepend="AND"> ta.task_status_explain = #task_status_explain# </isNotEmpty>
       </isNotNull>
       <isNotNull property="is_sign">
          <isNotEmpty property="is_sign" prepend="AND"> ta.is_sign = #is_sign# </isNotEmpty>
       </isNotNull>
       <isNotNull property="schedule">
          <isNotEmpty property="schedule" prepend="AND"> ta.schedule = #schedule# </isNotEmpty>
       </isNotNull>
       <isNotNull property="sort">
          <isNotEmpty property="sort" prepend="AND"> ta.sort = #sort# </isNotEmpty>
       </isNotNull>
       <isNotNull property="evaluate">
          <isNotEmpty property="evaluate" prepend="AND"> ta.evaluate = #evaluate# </isNotEmpty>
       </isNotNull>
       <isNotNull property="score">
          <isNotEmpty property="score" prepend="AND"> ta.score = #score# </isNotEmpty>
       </isNotNull>
       <isNotNull property="is_cancel">
          <isNotEmpty property="is_cancel" prepend="AND"> ta.is_cancel = #is_cancel# </isNotEmpty>
       </isNotNull>
       <isNotNull property="task_num">
          <isNotEmpty property="task_num" prepend="AND"> ww.task_num like '%$task_num$%' </isNotEmpty>
       </isNotNull>
       <isNotNull property="title">
          <isNotEmpty property="title" prepend="AND"> ww.title like '%$title$%' </isNotEmpty>
       </isNotNull>
       <isNotNull property="start_time">
          <isNotEmpty property="start_time" prepend="AND"> <![CDATA[ ww.launch_time >= #start_time# ]]></isNotEmpty>
       </isNotNull>
       <isNotNull property="end_time">
          <isNotEmpty property="end_time" prepend="AND"> <![CDATA[  ww.launch_time <= #end_time# ]]></isNotEmpty>
       </isNotNull>
       <!-- 
       <isEqual property="is_submitted" compareValue="Y" prepend="AND"> 
       	  	te.submit_year = CASE ww.wt_opt_type 
			WHEN 'A' THEN #year#
			WHEN 'B' THEN #back_year_month#
			WHEN 'C' THEN #year#
			WHEN 'D' THEN #back_year_week#
			END 
			AND te.submit_time = CASE ww.wt_opt_type 
			WHEN 'A' THEN #month#
			WHEN 'B' THEN #back_month#
			WHEN 'C' THEN #week#
			WHEN 'D' THEN #back_week#
			END 
       </isEqual>
       <isEqual property="is_submitted" compareValue="N" prepend="AND"> 
       	  	te.submit_year &lt;&gt; CASE ww.wt_opt_type 
			WHEN 'A' THEN #year#
			WHEN 'B' THEN #back_year_month#
			WHEN 'C' THEN #year#
			WHEN 'D' THEN #back_year_week#
			END 
			AND te.submit_time &lt;&gt; CASE ww.wt_opt_type 
			WHEN 'A' THEN #month#
			WHEN 'B' THEN #back_month#
			WHEN 'C' THEN #week#
			WHEN 'D' THEN #back_week#
			END 
       </isEqual>
        -->
     </dynamic>
     GROUP BY ta.task_arrange_id 
     order by ta.is_sign desc,ww.importance desc,ww.launch_time desc ) taa where 1=1 
     <dynamic prepend="">
       <isEqual property="is_submitted" compareValue="Y" prepend="AND"> 
       	  	taa.submit_year = CASE taa.wt_opt_type 
			WHEN 'A' THEN #year#
			WHEN 'B' THEN #back_year_month#
			WHEN 'C' THEN #year#
			WHEN 'D' THEN #back_year_week#
			END 
			AND taa.submit_time = CASE taa.wt_opt_type 
			WHEN 'A' THEN #month#
			WHEN 'B' THEN #back_month#
			WHEN 'C' THEN #week#
			WHEN 'D' THEN #back_week#
			END 
       </isEqual>
       <isEqual property="is_submitted" compareValue="N" prepend="AND"> 
       	  	taa.submit_year &lt;&gt; CASE taa.wt_opt_type 
			WHEN 'A' THEN #year#
			WHEN 'B' THEN #back_year_month#
			WHEN 'C' THEN #year#
			WHEN 'D' THEN #back_year_week#
			END 
			AND taa.submit_time &lt;&gt; CASE taa.wt_opt_type 
			WHEN 'A' THEN #month#
			WHEN 'B' THEN #back_month#
			WHEN 'C' THEN #week#
			WHEN 'D' THEN #back_week#
			END 
       </isEqual>
     </dynamic>
  </select>
  
  <!--根据部门以及事项类型统计事项数量（twg）-->
  <select id="statisticsByDeptAndType" parameterClass="java.util.HashMap" resultClass="java.util.HashMap" remapResults="true">
     SELECT COUNT(dt.dt_dept_task_id) AS dept_task_count,pt.wpt_type_id,dt.dept_id 
	FROM wt_dept_task dt 
	LEFT JOIN wt_worktask ww ON dt.worktask_id=ww.worktask_id 
	INNER JOIN wt_project_type pt ON pt.wpt_type_id=ww.wpt_type_id
	INNER JOIN mb_sys_dept sd ON sd.dept_id=dt.dept_id 
	<dynamic prepend="">
       <isNotNull property="start_time">
          <isNotEmpty property="start_time" prepend="AND"> <![CDATA[ ww.launch_time >= #start_time# ]]></isNotEmpty>
       </isNotNull>
       <isNotNull property="end_time">
          <isNotEmpty property="end_time" prepend="AND"> <![CDATA[  ww.launch_time <= #end_time# ]]></isNotEmpty>
       </isNotNull>
     </dynamic>
	GROUP BY dt.dept_id,ww.wpt_type_id
  </select>
  
</sqlMap>  