<!DOCTYPE sqlMap PUBLIC "-//ibatis.apache.org//DTD SQL Map 2.0//EN" "http://ibatis.apache.org/dtd/sql-map-2.dtd">
<sqlMap namespace="worktask.wtTaskExecution">
  
  <!--搜索 （twg）-->
  <select id="query" parameterClass="java.util.HashMap" resultClass="java.util.HashMap" remapResults="true">
     SELECT te.task_execution_id, te.worktask_id, te.user_id, te.execution_time, te.execution_content, te.assist_user, 
     te.assist_explain, te.assist_status, te.assist_type, te.attachment_name, te.attachment, te.crux_num ,te.next_plan,te.schedule,
     te.task_arrange_id,te.schedule_description,te.approval_status,te.is_lock,te.is_back_finish,te.opt_reason,te.update_time,te.update_user,
     su.real_name,te.submit_year,te.submit_time ,ww.wt_opt_type,ww.wt_opt_date
     FROM wt_task_execution te 
     LEFT JOIN wt_task_arrange ta ON ta.task_arrange_id=te.task_arrange_id 
     left JOIN wt_worktask ww ON te.worktask_id=ww.worktask_id 
     inner join mb_sys_user su on te.user_id = su.user_id 
     WHERE 1=1 
     <dynamic prepend="">
       <isNotNull property="task_execution_id">
          <isNotEmpty property="task_execution_id" prepend="AND"> te.task_execution_id = #task_execution_id# </isNotEmpty>
       </isNotNull>
       <isNotNull property="worktask_id">
          <isNotEmpty property="worktask_id" prepend="AND"> te.worktask_id = #worktask_id# </isNotEmpty>
       </isNotNull>
       <isNotNull property="task_arrange_id">
          <isNotEmpty property="task_arrange_id" prepend="AND"> te.task_arrange_id = #task_arrange_id# </isNotEmpty>
       </isNotNull>
       <isNotNull property="user_id">
          <isNotEmpty property="user_id" prepend="AND"> te.user_id = #user_id# </isNotEmpty>
       </isNotNull>
       <isNotNull property="dept_id">
          <isNotEmpty property="dept_id" prepend="AND"> ta.dept_id = #dept_id# </isNotEmpty>
       </isNotNull>
       <isNotNull property="execution_time">
          <isNotEmpty property="execution_time" prepend="AND"> te.execution_time = #execution_time# </isNotEmpty>
       </isNotNull>
       <isNotNull property="execution_content">
          <isNotEmpty property="execution_content" prepend="AND"> te.execution_content = #execution_content# </isNotEmpty>
       </isNotNull>
       <isNotNull property="assist_user">
          <isNotEmpty property="assist_user" prepend="AND"> te.assist_user = #assist_user# </isNotEmpty>
       </isNotNull>
       <isNotNull property="assist_explain">
          <isNotEmpty property="assist_explain" prepend="AND"> te.assist_explain = #assist_explain# </isNotEmpty>
       </isNotNull>
       <isNotNull property="assist_status">
          <isNotEmpty property="assist_status" prepend="AND"> te.assist_status = #assist_status# </isNotEmpty>
       </isNotNull>
       <isNotNull property="assist_type">
          <isNotEmpty property="assist_type" prepend="AND"> te.assist_type = #assist_type# </isNotEmpty>
       </isNotNull>
       <isNotNull property="attachment_name">
          <isNotEmpty property="attachment_name" prepend="AND"> te.attachment_name = #attachment_name# </isNotEmpty>
       </isNotNull>
       <isNotNull property="attachment">
          <isNotEmpty property="attachment" prepend="AND"> te.attachment = #attachment# </isNotEmpty>
       </isNotNull>
       <isNotNull property="crux_num">
          <isNotEmpty property="crux_num" prepend="AND"> te.crux_num = #crux_num# </isNotEmpty>
       </isNotNull>
       <isNotNull property="approval_status">
          <isNotEmpty property="approval_status" prepend="AND"> te.approval_status = #approval_status# </isNotEmpty>
       </isNotNull>
       <isNotNull property="is_lock">
          <isNotEmpty property="is_lock" prepend="AND"> te.is_lock = #is_lock# </isNotEmpty>
       </isNotNull>
       <isNotNull property="submit_year">
          <isNotEmpty property="submit_year" prepend="AND"> te.submit_year = #submit_year# </isNotEmpty>
       </isNotNull>
       <isNotNull property="submit_time">
          <isNotEmpty property="submit_time" prepend="AND"> te.submit_time = #submit_time# </isNotEmpty>
       </isNotNull>
       <isNotNull property="is_back_finish">
          <isNotEmpty property="is_back_finish" prepend="AND"> te.is_back_finish = #is_back_finish# </isNotEmpty>
       </isNotNull>
       <isNotNull property="taskExecutionIds">
          <isNotEmpty property="taskExecutionIds" prepend="AND"> te.task_execution_id in ($taskExecutionIds$) </isNotEmpty>
       </isNotNull>
     </dynamic>
     order by te.submit_year,te.submit_time,te.execution_time 
  </select>
  
  <!--获取用户最新一条操作记录 （twg）-->
  <select id="queryNewest" parameterClass="java.util.HashMap" resultClass="java.util.HashMap" remapResults="true">
     SELECT te.task_execution_id, te.worktask_id, te.user_id, te.execution_time, te.execution_content, te.assist_user, 
     te.assist_explain, te.assist_status, te.assist_type, te.attachment_name, te.attachment, te.crux_num ,te.next_plan,te.schedule,
     te.task_arrange_id,te.schedule_description,te.approval_status,te.is_lock,te.is_back_finish,te.opt_reason,te.update_time,te.update_user,
     su.real_name,te.submit_year,te.submit_time 
     FROM wt_task_execution te 
     LEFT JOIN wt_task_arrange ta ON ta.task_arrange_id=te.task_arrange_id 
     inner join mb_sys_user su on te.user_id = su.user_id 
     WHERE te.worktask_id = #worktask_id# or te.approval_status = 'O'
     <dynamic prepend="">
       <isNotNull property="approval_status">
          <isNotEmpty property="approval_status" prepend="AND"> te.approval_status = #approval_status# </isNotEmpty>
       </isNotNull>
     </dynamic>
      GROUP BY te.user_id
  </select>
  
  <!--创建 （twg）-->
  <insert id="create" parameterClass="java.util.HashMap">
    INSERT INTO wt_task_execution (task_execution_id
    <dynamic prepend="">
        <isNotNull property="worktask_id">
	  <isNotEmpty property="worktask_id" prepend=",">worktask_id</isNotEmpty>
        </isNotNull>
        <isNotNull property="task_arrange_id">
	  <isNotEmpty property="task_arrange_id" prepend=",">task_arrange_id</isNotEmpty>
        </isNotNull>
        <isNotNull property="user_id">
	  <isNotEmpty property="user_id" prepend=",">user_id</isNotEmpty>
        </isNotNull>
        <isNotNull property="execution_time">
	  <isNotEmpty property="execution_time" prepend=",">execution_time</isNotEmpty>
        </isNotNull>
        <isNotNull property="execution_content">
	  <isNotEmpty property="execution_content" prepend=",">execution_content</isNotEmpty>
        </isNotNull>
        <isNotNull property="assist_user">
	  <isNotEmpty property="assist_user" prepend=",">assist_user</isNotEmpty>
        </isNotNull>
        <isNotNull property="assist_explain">
	  <isNotEmpty property="assist_explain" prepend=",">assist_explain</isNotEmpty>
        </isNotNull>
        <isNotNull property="assist_status">
	  <isNotEmpty property="assist_status" prepend=",">assist_status</isNotEmpty>
        </isNotNull>
        <isNotNull property="assist_type">
	  <isNotEmpty property="assist_type" prepend=",">assist_type</isNotEmpty>
        </isNotNull>
        <isNotNull property="attachment_name">
	  <isNotEmpty property="attachment_name" prepend=",">attachment_name</isNotEmpty>
        </isNotNull>
        <isNotNull property="attachment">
	  <isNotEmpty property="attachment" prepend=",">attachment</isNotEmpty>
        </isNotNull>
        <isNotNull property="crux_num">
	  <isNotEmpty property="crux_num" prepend=",">crux_num</isNotEmpty>
        </isNotNull>
        <isNotNull property="next_plan">
	  <isNotEmpty property="next_plan" prepend=",">next_plan</isNotEmpty>
        </isNotNull>
        <isNotNull property="schedule">
	  <isNotEmpty property="schedule" prepend=",">schedule</isNotEmpty>
        </isNotNull>
        <isNotNull property="schedule_description">
	  <isNotEmpty property="schedule_description" prepend=",">schedule_description</isNotEmpty>
        </isNotNull>
        <isNotNull property="approval_status">
	  <isNotEmpty property="approval_status" prepend=",">approval_status</isNotEmpty>
        </isNotNull>
        <isNotNull property="is_lock">
	  <isNotEmpty property="is_lock" prepend=",">is_lock</isNotEmpty>
        </isNotNull>
        <isNotNull property="is_back_finish">
	  <isNotEmpty property="is_back_finish" prepend=",">is_back_finish</isNotEmpty>
        </isNotNull>
        <isNotNull property="opt_reason">
	  <isNotEmpty property="opt_reason" prepend=",">opt_reason</isNotEmpty>
        </isNotNull>
        <isNotNull property="update_time">
	  <isNotEmpty property="update_time" prepend=",">update_time</isNotEmpty>
        </isNotNull>
        <isNotNull property="update_user">
	  <isNotEmpty property="update_user" prepend=",">update_user</isNotEmpty>
        </isNotNull>
        <isNotNull property="submit_year"><isNotEmpty property="submit_year" prepend=",">submit_year</isNotEmpty></isNotNull>
        <isNotNull property="submit_time"><isNotEmpty property="submit_time" prepend=",">submit_time</isNotEmpty></isNotNull>
    </dynamic>
    ) VALUES (#task_execution_id#
    <dynamic prepend="">
        <isNotNull property="worktask_id">
           <isNotEmpty property="worktask_id" prepend=",">#worktask_id#</isNotEmpty>
        </isNotNull>
        <isNotNull property="task_arrange_id">
           <isNotEmpty property="task_arrange_id" prepend=",">#task_arrange_id#</isNotEmpty>
        </isNotNull>
        <isNotNull property="user_id">
           <isNotEmpty property="user_id" prepend=",">#user_id#</isNotEmpty>
        </isNotNull>
        <isNotNull property="execution_time">
           <isNotEmpty property="execution_time" prepend=",">#execution_time#</isNotEmpty>
        </isNotNull>
        <isNotNull property="execution_content">
           <isNotEmpty property="execution_content" prepend=",">#execution_content#</isNotEmpty>
        </isNotNull>
        <isNotNull property="assist_user">
           <isNotEmpty property="assist_user" prepend=",">#assist_user#</isNotEmpty>
        </isNotNull>
        <isNotNull property="assist_explain">
           <isNotEmpty property="assist_explain" prepend=",">#assist_explain#</isNotEmpty>
        </isNotNull>
        <isNotNull property="assist_status">
           <isNotEmpty property="assist_status" prepend=",">#assist_status#</isNotEmpty>
        </isNotNull>
        <isNotNull property="assist_type">
           <isNotEmpty property="assist_type" prepend=",">#assist_type#</isNotEmpty>
        </isNotNull>
        <isNotNull property="attachment_name">
           <isNotEmpty property="attachment_name" prepend=",">#attachment_name#</isNotEmpty>
        </isNotNull>
        <isNotNull property="attachment">
           <isNotEmpty property="attachment" prepend=",">#attachment#</isNotEmpty>
        </isNotNull>
        <isNotNull property="crux_num">
           <isNotEmpty property="crux_num" prepend=",">#crux_num#</isNotEmpty>
        </isNotNull>
        <isNotNull property="next_plan">
           <isNotEmpty property="next_plan" prepend=",">#next_plan#</isNotEmpty>
        </isNotNull>
        <isNotNull property="schedule">
           <isNotEmpty property="schedule" prepend=",">#schedule#</isNotEmpty>
        </isNotNull>
        <isNotNull property="schedule_description">
	  <isNotEmpty property="schedule_description" prepend=",">#schedule_description#</isNotEmpty>
        </isNotNull>
        <isNotNull property="approval_status">
	  <isNotEmpty property="approval_status" prepend=",">#approval_status#</isNotEmpty>
        </isNotNull>
        <isNotNull property="is_lock">
	  <isNotEmpty property="is_lock" prepend=",">#is_lock#</isNotEmpty>
        </isNotNull>
        <isNotNull property="is_back_finish">
	  <isNotEmpty property="is_back_finish" prepend=",">#is_back_finish#</isNotEmpty>
        </isNotNull>
        <isNotNull property="opt_reason">
	  <isNotEmpty property="opt_reason" prepend=",">#opt_reason#</isNotEmpty>
        </isNotNull>
        <isNotNull property="update_time">
	  <isNotEmpty property="update_time" prepend=",">#update_time#</isNotEmpty>
        </isNotNull>
        <isNotNull property="update_user">
	  <isNotEmpty property="update_user" prepend=",">#update_user#</isNotEmpty>
        </isNotNull>
        <isNotNull property="submit_year"><isNotEmpty property="submit_year" prepend=",">#submit_year#</isNotEmpty></isNotNull>
        <isNotNull property="submit_time"><isNotEmpty property="submit_time" prepend=",">#submit_time#</isNotEmpty></isNotNull>
    </dynamic>
    )
  </insert>
  
  <!--修改 （twg）-->
  <update id="modify" parameterClass="java.util.HashMap">
    UPDATE wt_task_execution SET task_execution_id = #task_execution_id#
    <dynamic prepend="">
        <isNotNull property="worktask_id">
           <isNotEmpty property="worktask_id" prepend=",">worktask_id = #worktask_id#</isNotEmpty>
        </isNotNull>
        <isNotNull property="task_arrange_id">
           <isNotEmpty property="task_arrange_id" prepend=",">task_arrange_id = #task_arrange_id#</isNotEmpty>
        </isNotNull>
        <isNotNull property="user_id">
           <isNotEmpty property="user_id" prepend=",">user_id = #user_id#</isNotEmpty>
        </isNotNull>
        <isNotNull property="execution_time">
           <isNotEmpty property="execution_time" prepend=",">execution_time = #execution_time#</isNotEmpty>
        </isNotNull>
        <isNotNull property="execution_content">
           <isNotEmpty property="execution_content" prepend=",">execution_content = #execution_content#</isNotEmpty>
        </isNotNull>
        <isNotNull property="assist_user">
           <isNotEmpty property="assist_user" prepend=",">assist_user = #assist_user#</isNotEmpty>
        </isNotNull>
        <isNotNull property="assist_explain">
           <isNotEmpty property="assist_explain" prepend=",">assist_explain = #assist_explain#</isNotEmpty>
        </isNotNull>
        <isNotNull property="assist_status">
           <isNotEmpty property="assist_status" prepend=",">assist_status = #assist_status#</isNotEmpty>
        </isNotNull>
        <isNotNull property="assist_type">
           <isNotEmpty property="assist_type" prepend=",">assist_type = #assist_type#</isNotEmpty>
        </isNotNull>
        <isNotNull property="attachment_name">
           <isNotEmpty property="attachment_name" prepend=",">attachment_name = #attachment_name#</isNotEmpty>
        </isNotNull>
        <isNotNull property="attachment">
           <isNotEmpty property="attachment" prepend=",">attachment = #attachment#</isNotEmpty>
        </isNotNull>
        <isNotNull property="crux_num">
           <isNotEmpty property="crux_num" prepend=",">crux_num = #crux_num#</isNotEmpty>
        </isNotNull>
        <isNotNull property="next_plan">
           <isNotEmpty property="next_plan" prepend=",">next_plan = #next_plan#</isNotEmpty>
        </isNotNull>
        <isNotNull property="schedule">
           <isNotEmpty property="schedule" prepend=",">schedule = #schedule#</isNotEmpty>
        </isNotNull>
        <isNotNull property="schedule_description">
	  		<isNotEmpty property="schedule_description" prepend=",">schedule_description = #schedule_description#</isNotEmpty>
        </isNotNull>
        <isNotNull property="approval_status">
	  		<isNotEmpty property="approval_status" prepend=",">approval_status = #approval_status#</isNotEmpty>
        </isNotNull>
        <isNotNull property="is_lock">
	  		<isNotEmpty property="is_lock" prepend=",">is_lock = #is_lock#</isNotEmpty>
        </isNotNull>
        <isNotNull property="is_back_finish">
	  		<isNotEmpty property="is_back_finish" prepend=",">is_back_finish = #is_back_finish#</isNotEmpty>
        </isNotNull>
        <isNotNull property="opt_reason">
	  		<isNotEmpty property="opt_reason" prepend=",">opt_reason = #opt_reason#</isNotEmpty>
        </isNotNull>
        <isNotNull property="update_time">
	  		<isNotEmpty property="update_time" prepend=",">update_time = #update_time#</isNotEmpty>
        </isNotNull>
        <isNotNull property="update_user">
	  		<isNotEmpty property="update_user" prepend=",">update_user = #update_user#</isNotEmpty>
        </isNotNull>
        <isNotNull property="submit_year"><isNotEmpty property="submit_year" prepend=",">submit_year = #submit_year#</isNotEmpty></isNotNull>
        <isNotNull property="submit_time"><isNotEmpty property="submit_time" prepend=",">submit_time = #submit_time#</isNotEmpty></isNotNull>
    </dynamic>
    WHERE task_execution_id = #task_execution_id#
  </update>

  <!--删除 （twg）-->
  <update id="remove" parameterClass="java.util.HashMap">
    DELETE FROM wt_task_execution WHERE task_execution_id = #task_execution_id#
  </update>
  <!--删除 （twg）-->
  <update id="removeByWorktaskId" parameterClass="java.util.HashMap">
    DELETE FROM wt_task_execution WHERE worktask_id = #worktask_id#
  </update>
  
  
  <!--根据用户ID查询用户协助任务 （twg）-->
  <select id="queryAssistTask" parameterClass="java.util.HashMap" resultClass="java.util.HashMap" remapResults="true">
     SELECT te.task_execution_id,te.assist_explain,te.assist_type,te.next_plan,te.schedule as te_schedule,
     ww.worktask_id, ww.task_num, ww.title, ww.task_content, ww.task_type, ww.importance, ww.task_status, ww.task_status_remark, ww.launch_user, ww.launch_time, 
	 ww.task_remark, ww.estimate_start_time, ww.estimate_end_time, ww.actual_start_time, ww.actual_end_time,ww.total_schedule, su.real_name ,
	 te.submit_year,te.submit_time
	 FROM wt_task_execution te
	 INNER JOIN wt_worktask ww ON te.worktask_id=ww.worktask_id 
	 INNER JOIN mb_sys_user su ON ww.launch_user=su.user_id 
	 WHERE ww.task_status='A' AND ww.is_delete='N' AND te.assist_status ='A' AND te.assist_user=#assist_user# 
     <dynamic prepend="">
       <isNotNull property="task_execution_id">
          <isNotEmpty property="task_execution_id" prepend="AND"> te.task_execution_id = #task_execution_id# </isNotEmpty>
       </isNotNull>
	   <isNotNull property="worktask_id">
          <isNotEmpty property="worktask_id" prepend="AND"> te.worktask_id = #worktask_id# </isNotEmpty>
       </isNotNull>
       <isNotNull property="task_num">
          <isNotEmpty property="task_num" prepend="AND"> ww.task_num like '%$task_num$%' </isNotEmpty>
       </isNotNull>
       <isNotNull property="title">
          <isNotEmpty property="title" prepend="AND"> ww.title like '%$title$%' </isNotEmpty>
       </isNotNull>
       <isNotNull property="task_content">
          <isNotEmpty property="task_content" prepend="AND"> ww.task_content = #task_content# </isNotEmpty>
       </isNotNull>
       <isNotNull property="task_type">
          <isNotEmpty property="task_type" prepend="AND"> ww.task_type = #task_type# </isNotEmpty>
       </isNotNull>
       <isNotNull property="importance">
          <isNotEmpty property="importance" prepend="AND"> ww.importance = #importance# </isNotEmpty>
       </isNotNull>
       <isNotNull property="task_status">
          <isNotEmpty property="task_status" prepend="AND"> ww.task_status = #task_status# </isNotEmpty>
       </isNotNull>
       <isNotNull property="task_status_remark">
          <isNotEmpty property="task_status_remark" prepend="AND"> ww.task_status_remark = #task_status_remark# </isNotEmpty>
       </isNotNull>
       <isNotNull property="launch_user">
          <isNotEmpty property="launch_user" prepend="AND"> ww.launch_user = #launch_user# </isNotEmpty>
       </isNotNull>
       <isNotNull property="launch_time">
          <isNotEmpty property="launch_time" prepend="AND"> ww.launch_time = #launch_time# </isNotEmpty>
       </isNotNull>
       <isNotNull property="start_time">
          <isNotEmpty property="start_time" prepend="AND"> <![CDATA[ ww.launch_time >= #start_time# ]]></isNotEmpty>
       </isNotNull>
       <isNotNull property="end_time">
          <isNotEmpty property="end_time" prepend="AND"> <![CDATA[  ww.launch_time <= #end_time# ]]></isNotEmpty>
       </isNotNull>
       <isNotNull property="task_remark">
          <isNotEmpty property="task_remark" prepend="AND"> ww.task_remark = #task_remark# </isNotEmpty>
       </isNotNull>
       <isNotNull property="estimate_start_time">
          <isNotEmpty property="estimate_start_time" prepend="AND"> ww.estimate_start_time = #estimate_start_time# </isNotEmpty>
       </isNotNull>
       <isNotNull property="estimate_end_time">
          <isNotEmpty property="estimate_end_time" prepend="AND"> ww.estimate_end_time = #estimate_end_time# </isNotEmpty>
       </isNotNull>
       <isNotNull property="actual_start_time">
          <isNotEmpty property="actual_start_time" prepend="AND"> ww.actual_start_time = #actual_start_time# </isNotEmpty>
       </isNotNull>
       <isNotNull property="actual_end_time">
          <isNotEmpty property="actual_end_time" prepend="AND"> ww.actual_end_time = #actual_end_time# </isNotEmpty>
       </isNotNull>
       <isNotNull property="execution_time">
          <isNotEmpty property="execution_time" prepend="AND"> te.execution_time = #execution_time# </isNotEmpty>
       </isNotNull>
       <isNotNull property="execution_content">
          <isNotEmpty property="execution_content" prepend="AND"> te.execution_content = #execution_content# </isNotEmpty>
       </isNotNull>
       <isNotNull property="assist_user">
          <isNotEmpty property="assist_user" prepend="AND"> te.assist_user = #assist_user# </isNotEmpty>
       </isNotNull>
       <isNotNull property="assist_explain">
          <isNotEmpty property="assist_explain" prepend="AND"> te.assist_explain = #assist_explain# </isNotEmpty>
       </isNotNull>
       <isNotNull property="assist_status">
          <isNotEmpty property="assist_status" prepend="AND"> te.assist_status = #assist_status# </isNotEmpty>
       </isNotNull>
       <isNotNull property="assist_type">
          <isNotEmpty property="assist_type" prepend="AND"> te.assist_type = #assist_type# </isNotEmpty>
       </isNotNull>
       <isNotNull property="crux_num">
          <isNotEmpty property="crux_num" prepend="AND"> te.crux_num = #crux_num# </isNotEmpty>
       </isNotNull>
       <isNotNull property="submit_year"><isNotEmpty property="submit_year" prepend="AND"> te.submit_year = #submit_year# </isNotEmpty></isNotNull>
       <isNotNull property="submit_time"><isNotEmpty property="submit_time" prepend="AND"> te.submit_time = #submit_time# </isNotEmpty></isNotNull>
     </dynamic>
     GROUP BY te.worktask_id 
     order by te.execution_time 
  </select>
  
  <!--当任务结束时，将所有状态为协助中改为已完成 （twg）-->
  <update id="modifyAssistStatus" parameterClass="java.util.HashMap">
    UPDATE wt_task_execution SET assist_status = 'B' WHERE worktask_id = #worktask_id# 
    <dynamic prepend="">
       <isNotNull property="user_id">
          <isNotEmpty property="user_id" prepend="AND"> user_id = #user_id# </isNotEmpty>
       </isNotNull>
     </dynamic>
  </update>
  
  <!--搜索 （twg）-->
  <select id="queryReportResult" parameterClass="java.util.HashMap" resultClass="java.util.HashMap" remapResults="true">
  	SELECT pt.wpt_alias,sd.dept_name,ww.title,ww.task_content,dt.dt_task_explain,ww.evaluate,
	te.execution_content,te.assist_explain,te.next_plan,te.schedule_description,
	ta.arrange_explain,ww.worktask_id,ta.task_arrange_id,te.submit_year,te.submit_time
	FROM wt_task_execution te
	LEFT JOIN wt_task_arrange ta ON te.task_arrange_id=ta.task_arrange_id
	LEFT JOIN wt_dept_task dt ON ta.dept_id=dt.dept_id
	LEFT JOIN mb_sys_dept sd ON ta.dept_id=sd.dept_id
	LEFT JOIN wt_worktask ww ON te.worktask_id=ww.worktask_id
	LEFT JOIN wt_project_type pt ON ww.wpt_type_id=pt.wpt_type_id
	where ww.is_delete = 'N' <!-- and ww.task_status = 'C' -->
     <dynamic prepend="">
       <isNotNull property="wpt_type_id">
          <isNotEmpty property="wpt_type_id" prepend="AND"> ww.wpt_type_id = #wpt_type_id# </isNotEmpty>
       </isNotNull>
       <isNotNull property="dept_id">
          <isNotEmpty property="dept_id" prepend="AND"> ta.dept_id = #dept_id# </isNotEmpty>
       </isNotNull>
       <isNotNull property="submit_year"><isNotEmpty property="submit_year" prepend="AND"> te.submit_year = #submit_year# </isNotEmpty></isNotNull>
       <isNotNull property="submit_time"><isNotEmpty property="submit_time" prepend="AND"> te.submit_time = #submit_time# </isNotEmpty></isNotNull>
     </dynamic>
     GROUP BY te.task_execution_id 
  </select>
  
  <!--根据事项ID查询审核中，不通过，已退回的任务执行信息 （twg）-->
  <select id="queryInfoByWorkTaskId" parameterClass="java.util.HashMap" resultClass="java.util.HashMap" remapResults="true">
  	SELECT te.execution_time,te.execution_content,te.approval_status,te.is_back_finish,te.opt_reason,
	su.real_name,sd.dept_name 
	FROM wt_task_execution te 
	INNER JOIN mb_sys_user su ON te.user_id=su.user_id
	LEFT JOIN wt_task_arrange ta ON te.task_arrange_id=ta.task_arrange_id
	LEFT JOIN mb_sys_dept sd ON sd.dept_id=ta.dept_id
	WHERE te.worktask_id = #worktask_id# AND (te.approval_status &lt;&gt; 'Y' OR te.is_back_finish = 'N') 
  </select>
  
  <!--部门管理员上报部门进度时，将全部任务执行步骤改为审核通过（twg）-->
  <update id="updateToY" parameterClass="java.util.HashMap">
  	UPDATE wt_task_execution te SET te.approval_status = 'Y' 
	WHERE te.approval_status='O' AND te.task_arrange_id 
	IN (SELECT ta.task_arrange_id FROM wt_task_arrange ta WHERE ta.worktask_id=#worktask_id# AND ta.dept_id=#dept_id#) 
	<isNotEqual property="wt_opt_type" compareValue="E" prepend=""> 
	AND te.submit_year=#submit_year# AND te.submit_time=#submit_time# 
	</isNotEqual>
  </update>
  
</sqlMap>  