<!DOCTYPE sqlMap PUBLIC "-//ibatis.apache.org//DTD SQL Map 2.0//EN" "http://ibatis.apache.org/dtd/sql-map-2.dtd">
<sqlMap namespace="worktask.wtTemporarySave">
  
  <!--search （twg）-->
  <select id="query" parameterClass="java.util.HashMap" resultClass="java.util.HashMap" remapResults="true">
     SELECT ts_id, worktask_id, task_arrange_id, user_id, execution_time, execution_content, next_plan, assist_explain, schedule, schedule_description 
     FROM wt_temporary_save 
     WHERE 1 = 1
     <dynamic prepend="">
       <isNotNull property="ts_id"><isNotEmpty property="ts_id" prepend="AND"> ts_id = #ts_id# </isNotEmpty></isNotNull>
       <isNotNull property="worktask_id"><isNotEmpty property="worktask_id" prepend="AND"> worktask_id = #worktask_id# </isNotEmpty></isNotNull>
       <isNotNull property="task_arrange_id"><isNotEmpty property="task_arrange_id" prepend="AND"> task_arrange_id = #task_arrange_id# </isNotEmpty></isNotNull>
       <isNotNull property="user_id"><isNotEmpty property="user_id" prepend="AND"> user_id = #user_id# </isNotEmpty></isNotNull>
       <isNotNull property="execution_time"><isNotEmpty property="execution_time" prepend="AND"> execution_time = #execution_time# </isNotEmpty></isNotNull>
       <isNotNull property="execution_content"><isNotEmpty property="execution_content" prepend="AND"> execution_content = #execution_content# </isNotEmpty></isNotNull>
       <isNotNull property="next_plan"><isNotEmpty property="next_plan" prepend="AND"> next_plan = #next_plan# </isNotEmpty></isNotNull>
       <isNotNull property="assist_explain"><isNotEmpty property="assist_explain" prepend="AND"> assist_explain = #assist_explain# </isNotEmpty></isNotNull>
       <isNotNull property="schedule"><isNotEmpty property="schedule" prepend="AND"> schedule = #schedule# </isNotEmpty></isNotNull>
       <isNotNull property="schedule_description"><isNotEmpty property="schedule_description" prepend="AND"> schedule_description = #schedule_description# </isNotEmpty></isNotNull>
     </dynamic>
  </select>
  
  <!--create （twg）-->
  <insert id="create" parameterClass="java.util.HashMap">
    INSERT INTO wt_temporary_save (ts_id
    <dynamic prepend="">
        <isNotNull property="worktask_id"><isNotEmpty property="worktask_id" prepend=",">worktask_id</isNotEmpty></isNotNull>
        <isNotNull property="task_arrange_id"><isNotEmpty property="task_arrange_id" prepend=",">task_arrange_id</isNotEmpty></isNotNull>
        <isNotNull property="user_id"><isNotEmpty property="user_id" prepend=",">user_id</isNotEmpty></isNotNull>
        <isNotNull property="execution_time"><isNotEmpty property="execution_time" prepend=",">execution_time</isNotEmpty></isNotNull>
        <isNotNull property="execution_content"><isNotEmpty property="execution_content" prepend=",">execution_content</isNotEmpty></isNotNull>
        <isNotNull property="next_plan"><isNotEmpty property="next_plan" prepend=",">next_plan</isNotEmpty></isNotNull>
        <isNotNull property="assist_explain"><isNotEmpty property="assist_explain" prepend=",">assist_explain</isNotEmpty></isNotNull>
        <isNotNull property="schedule"><isNotEmpty property="schedule" prepend=",">schedule</isNotEmpty></isNotNull>
        <isNotNull property="schedule_description"><isNotEmpty property="schedule_description" prepend=",">schedule_description</isNotEmpty></isNotNull>
    </dynamic>
    ) VALUES (#ts_id#
    <dynamic prepend="">
        <isNotNull property="worktask_id"><isNotEmpty property="worktask_id" prepend=",">#worktask_id#</isNotEmpty></isNotNull>
        <isNotNull property="task_arrange_id"><isNotEmpty property="task_arrange_id" prepend=",">#task_arrange_id#</isNotEmpty></isNotNull>
        <isNotNull property="user_id"><isNotEmpty property="user_id" prepend=",">#user_id#</isNotEmpty></isNotNull>
        <isNotNull property="execution_time"><isNotEmpty property="execution_time" prepend=",">#execution_time#</isNotEmpty></isNotNull>
        <isNotNull property="execution_content"><isNotEmpty property="execution_content" prepend=",">#execution_content#</isNotEmpty></isNotNull>
        <isNotNull property="next_plan"><isNotEmpty property="next_plan" prepend=",">#next_plan#</isNotEmpty></isNotNull>
        <isNotNull property="assist_explain"><isNotEmpty property="assist_explain" prepend=",">#assist_explain#</isNotEmpty></isNotNull>
        <isNotNull property="schedule"><isNotEmpty property="schedule" prepend=",">#schedule#</isNotEmpty></isNotNull>
        <isNotNull property="schedule_description"><isNotEmpty property="schedule_description" prepend=",">#schedule_description#</isNotEmpty></isNotNull>
    </dynamic>
    );
    <selectKey resultClass="java.lang.String"  keyProperty="ts_id" >    
             SELECT last_insert_id() as ts_id;
    </selectKey>
  </insert>
  
  <!--update （twg）-->
  <update id="modify" parameterClass="java.util.HashMap">
    UPDATE wt_temporary_save SET ts_id = #ts_id#
    <dynamic prepend="">
        <isNotNull property="worktask_id"><isNotEmpty property="worktask_id" prepend=",">worktask_id = #worktask_id#</isNotEmpty></isNotNull>
        <isNotNull property="task_arrange_id"><isNotEmpty property="task_arrange_id" prepend=",">task_arrange_id = #task_arrange_id#</isNotEmpty></isNotNull>
        <isNotNull property="user_id"><isNotEmpty property="user_id" prepend=",">user_id = #user_id#</isNotEmpty></isNotNull>
        <isNotNull property="execution_time"><isNotEmpty property="execution_time" prepend=",">execution_time = #execution_time#</isNotEmpty></isNotNull>
        <isNotNull property="execution_content"><isNotEmpty property="execution_content" prepend=",">execution_content = #execution_content#</isNotEmpty></isNotNull>
        <isNotNull property="next_plan"><isNotEmpty property="next_plan" prepend=",">next_plan = #next_plan#</isNotEmpty></isNotNull>
        <isNotNull property="assist_explain"><isNotEmpty property="assist_explain" prepend=",">assist_explain = #assist_explain#</isNotEmpty></isNotNull>
        <isNotNull property="schedule"><isNotEmpty property="schedule" prepend=",">schedule = #schedule#</isNotEmpty></isNotNull>
        <isNotNull property="schedule_description"><isNotEmpty property="schedule_description" prepend=",">schedule_description = #schedule_description#</isNotEmpty></isNotNull>
    </dynamic>
    WHERE ts_id = #ts_id#
  </update>

  <!--remove （twg）-->
  <update id="remove" parameterClass="java.util.HashMap">
  	DELETE FROM wt_temporary_save WHERE ts_id = #ts_id#
  </update>
  
  <!--remove （twg）-->
  <update id="removeByOther" parameterClass="java.util.HashMap">
  	DELETE FROM wt_temporary_save WHERE 1=1 
  	<dynamic prepend="">
       <isNotNull property="ts_id"><isNotEmpty property="ts_id" prepend="AND"> ts_id = #ts_id# </isNotEmpty></isNotNull>
       <isNotNull property="worktask_id"><isNotEmpty property="worktask_id" prepend="AND"> worktask_id = #worktask_id# </isNotEmpty></isNotNull>
       <isNotNull property="task_arrange_id"><isNotEmpty property="task_arrange_id" prepend="AND"> task_arrange_id = #task_arrange_id# </isNotEmpty></isNotNull>
       <isNotNull property="user_id"><isNotEmpty property="user_id" prepend="AND"> user_id = #user_id# </isNotEmpty></isNotNull>
     </dynamic>
  </update>
  
</sqlMap>  