<!DOCTYPE sqlMap PUBLIC "-//ibatis.apache.org//DTD SQL Map 2.0//EN" "http://ibatis.apache.org/dtd/sql-map-2.dtd">
<sqlMap namespace="worktask.wtWorktask">
  
  <!--搜索 （twg）-->
  <select id="query" parameterClass="java.util.HashMap" resultClass="java.util.HashMap" remapResults="true">
     SELECT ww.worktask_id,ww.wpt_type_id ,ww.task_num, ww.title, ww.task_content, ww.task_type, ww.importance, 
	 ww.task_status, ww.task_status_remark, ww.launch_user, ww.launch_time,ww.respon_leader,ww.respon_people,ww.wt_opt_type,ww.wt_opt_date,
	 ww.task_remark, ww.estimate_start_time, ww.estimate_end_time, ww.actual_start_time, ww.actual_end_time, ww.is_sign, ww.total_schedule, ww.sort, 
	 ww.attachment_name, ww.attachment, ww.evaluate, ww.score, ww.is_delete, ww.is_share ,su.real_name ,wpt.wpt_alias,wpt.wpt_file,wpt.wpt_file_url,
	 (SELECT GROUP_CONCAT(sd.dept_name) AS dept_names FROM wt_dept_task dt
	 LEFT JOIN mb_sys_dept sd ON dt.dept_id=sd.dept_id
	 WHERE dt.worktask_id=ww.worktask_id) AS main_unit_names,
	 (SELECT GROUP_CONCAT(sd.dept_name) AS dept_names FROM wt_assistunit wa
	 LEFT JOIN mb_sys_dept sd ON wa.at_dept_id=sd.dept_id
	 WHERE wa.worktask_id=ww.worktask_id) AS assist_unit_names
	 FROM wt_worktask ww 
	 INNER JOIN wt_project_type wpt ON ww.wpt_type_id=wpt.wpt_type_id
	 INNER JOIN mb_sys_user su ON ww.launch_user=su.user_id 
	 WHERE 1 = 1 
     <dynamic prepend="">
       <isNotNull property="worktask_id">
          <isNotEmpty property="worktask_id" prepend="AND"> ww.worktask_id = #worktask_id# </isNotEmpty>
       </isNotNull>
       <isNotNull property="wpt_type_id">
          <isNotEmpty property="wpt_type_id" prepend="AND"> ww.wpt_type_id = #wpt_type_id# </isNotEmpty>
       </isNotNull>
       <isNotNull property="task_num">
          <isNotEmpty property="task_num" prepend="AND"> ww.task_num like '%$task_num$%' </isNotEmpty>
       </isNotNull>
       <isNotNull property="title">
          <isNotEmpty property="title" prepend="AND"> ww.title like '%$title$%' </isNotEmpty>
       </isNotNull>
       <isNotNull property="task_content">
          <isNotEmpty property="task_content" prepend="AND"> ww.task_content = #task_content# </isNotEmpty>
       </isNotNull>
       <isNotNull property="task_type">
          <isNotEmpty property="task_type" prepend="AND"> ww.task_type = #task_type# </isNotEmpty>
       </isNotNull>
       <isNotNull property="importance">
          <isNotEmpty property="importance" prepend="AND"> ww.importance = #importance# </isNotEmpty>
       </isNotNull>
       <isNotNull property="task_status">
          <isNotEmpty property="task_status" prepend="AND"> ww.task_status = #task_status# </isNotEmpty>
       </isNotNull>
       <isNotNull property="task_status_remark">
          <isNotEmpty property="task_status_remark" prepend="AND"> ww.task_status_remark = #task_status_remark# </isNotEmpty>
       </isNotNull>
       <isNotNull property="launch_user">
          <isNotEmpty property="launch_user" prepend="AND"> ww.launch_user = #launch_user# </isNotEmpty>
       </isNotNull>
       <isNotNull property="launch_time">
          <isNotEmpty property="launch_time" prepend="AND"> ww.launch_time = #launch_time# </isNotEmpty>
       </isNotNull>
       <isNotNull property="start_time">
          <isNotEmpty property="start_time" prepend="AND"> <![CDATA[ ww.launch_time >= #start_time# ]]></isNotEmpty>
       </isNotNull>
       <isNotNull property="end_time">
          <isNotEmpty property="end_time" prepend="AND"> <![CDATA[  ww.launch_time <= #end_time# ]]></isNotEmpty>
       </isNotNull>
       <isNotNull property="task_remark">
          <isNotEmpty property="task_remark" prepend="AND"> ww.task_remark = #task_remark# </isNotEmpty>
       </isNotNull>
       <isNotNull property="estimate_start_time">
          <isNotEmpty property="estimate_start_time" prepend="AND"> ww.estimate_start_time = #estimate_start_time# </isNotEmpty>
       </isNotNull>
       <isNotNull property="estimate_end_time">
          <isNotEmpty property="estimate_end_time" prepend="AND"> ww.estimate_end_time = #estimate_end_time# </isNotEmpty>
       </isNotNull>
       <isNotNull property="actual_start_time">
          <isNotEmpty property="actual_start_time" prepend="AND"> ww.actual_start_time = #actual_start_time# </isNotEmpty>
       </isNotNull>
       <isNotNull property="actual_end_time">
          <isNotEmpty property="actual_end_time" prepend="AND"> ww.actual_end_time = #actual_end_time# </isNotEmpty>
       </isNotNull>
       <isNotNull property="is_sign">
          <isNotEmpty property="is_sign" prepend="AND"> ww.is_sign = #is_sign# </isNotEmpty>
       </isNotNull>
       <isNotNull property="total_schedule">
          <isNotEmpty property="total_schedule" prepend="AND"> ww.total_schedule = #total_schedule# </isNotEmpty>
       </isNotNull>
       <isNotNull property="sort">
          <isNotEmpty property="sort" prepend="AND"> ww.sort = #sort# </isNotEmpty>
       </isNotNull>
       <isNotNull property="attachment_name">
          <isNotEmpty property="attachment_name" prepend="AND"> ww.attachment_name = #attachment_name# </isNotEmpty>
       </isNotNull>
       <isNotNull property="attachment">
          <isNotEmpty property="attachment" prepend="AND"> ww.attachment = #attachment# </isNotEmpty>
       </isNotNull>
       <isNotNull property="evaluate">
          <isNotEmpty property="evaluate" prepend="AND"> ww.evaluate = #evaluate# </isNotEmpty>
       </isNotNull>
       <isNotNull property="score">
          <isNotEmpty property="score" prepend="AND"> ww.score = #score# </isNotEmpty>
       </isNotNull>
       <isNotNull property="is_delete">
          <isNotEmpty property="is_delete" prepend="AND"> ww.is_delete = #is_delete# </isNotEmpty>
       </isNotNull>
       <isNotNull property="is_share">
          <isNotEmpty property="is_share" prepend="AND"> ww.is_share = #is_share# </isNotEmpty>
       </isNotNull>
       <isNotNull property="wt_opt_type">
          <isNotEmpty property="wt_opt_type" prepend="AND"> ww.wt_opt_type = #wt_opt_type# </isNotEmpty>
       </isNotNull>
       <isNotNull property="wt_opt_date">
          <isNotEmpty property="wt_opt_date" prepend="AND"> ww.wt_opt_date = #wt_opt_date# </isNotEmpty>
       </isNotNull>
     </dynamic>
     order by ww.is_sign desc,ww.importance desc,ww.launch_time desc
  </select>
  
  <!--创建 （twg）-->
  <insert id="create" parameterClass="java.util.HashMap">
    INSERT INTO wt_worktask (worktask_id
    <dynamic prepend="">
    	<isNotNull property="wpt_type_id">
	  <isNotEmpty property="wpt_type_id" prepend=",">wpt_type_id</isNotEmpty>
        </isNotNull>
        <isNotNull property="task_num">
	  <isNotEmpty property="task_num" prepend=",">task_num</isNotEmpty>
        </isNotNull>
        <isNotNull property="title">
	  <isNotEmpty property="title" prepend=",">title</isNotEmpty>
        </isNotNull>
        <isNotNull property="task_content">
	  <isNotEmpty property="task_content" prepend=",">task_content</isNotEmpty>
        </isNotNull>
        <isNotNull property="task_type">
	  <isNotEmpty property="task_type" prepend=",">task_type</isNotEmpty>
        </isNotNull>
        <isNotNull property="importance">
	  <isNotEmpty property="importance" prepend=",">importance</isNotEmpty>
        </isNotNull>
        <isNotNull property="task_status">
	  <isNotEmpty property="task_status" prepend=",">task_status</isNotEmpty>
        </isNotNull>
        <isNotNull property="task_status_remark">
	  <isNotEmpty property="task_status_remark" prepend=",">task_status_remark</isNotEmpty>
        </isNotNull>
        <isNotNull property="respon_leader">
	  <isNotEmpty property="respon_leader" prepend=",">respon_leader</isNotEmpty>
        </isNotNull>
        <isNotNull property="respon_people">
	  <isNotEmpty property="respon_people" prepend=",">respon_people</isNotEmpty>
        </isNotNull>
        <isNotNull property="launch_user">
	  <isNotEmpty property="launch_user" prepend=",">launch_user</isNotEmpty>
        </isNotNull>
        <isNotNull property="launch_time">
	  <isNotEmpty property="launch_time" prepend=",">launch_time</isNotEmpty>
        </isNotNull>
        <isNotNull property="task_remark">
	  <isNotEmpty property="task_remark" prepend=",">task_remark</isNotEmpty>
        </isNotNull>
        <isNotNull property="estimate_start_time">
	  <isNotEmpty property="estimate_start_time" prepend=",">estimate_start_time</isNotEmpty>
        </isNotNull>
        <isNotNull property="estimate_end_time">
	  <isNotEmpty property="estimate_end_time" prepend=",">estimate_end_time</isNotEmpty>
        </isNotNull>
        <isNotNull property="actual_start_time">
	  <isNotEmpty property="actual_start_time" prepend=",">actual_start_time</isNotEmpty>
        </isNotNull>
        <isNotNull property="actual_end_time">
	  <isNotEmpty property="actual_end_time" prepend=",">actual_end_time</isNotEmpty>
        </isNotNull>
        <isNotNull property="is_sign">
	  <isNotEmpty property="is_sign" prepend=",">is_sign</isNotEmpty>
        </isNotNull>
        <isNotNull property="total_schedule">
	  <isNotEmpty property="total_schedule" prepend=",">total_schedule</isNotEmpty>
        </isNotNull>
        <isNotNull property="sort">
	  <isNotEmpty property="sort" prepend=",">sort</isNotEmpty>
        </isNotNull>
        <isNotNull property="attachment_name">
	  <isNotEmpty property="attachment_name" prepend=",">attachment_name</isNotEmpty>
        </isNotNull>
        <isNotNull property="attachment">
	  <isNotEmpty property="attachment" prepend=",">attachment</isNotEmpty>
        </isNotNull>
        <isNotNull property="evaluate">
	  <isNotEmpty property="evaluate" prepend=",">evaluate</isNotEmpty>
        </isNotNull>
        <isNotNull property="score">
	  <isNotEmpty property="score" prepend=",">score</isNotEmpty>
        </isNotNull>
        <isNotNull property="is_delete">
	  <isNotEmpty property="is_delete" prepend=",">is_delete</isNotEmpty>
        </isNotNull>
        <isNotNull property="is_share">
	  <isNotEmpty property="is_share" prepend=",">is_share</isNotEmpty>
        </isNotNull>
        <isNotNull property="wt_opt_type"><isNotEmpty property="wt_opt_type" prepend=",">wt_opt_type</isNotEmpty></isNotNull>
       	<isNotNull property="wt_opt_date"><isNotEmpty property="wt_opt_date" prepend=",">wt_opt_date</isNotEmpty></isNotNull>
    </dynamic>
    ) VALUES (#worktask_id#
    <dynamic prepend="">
        <isNotNull property="wpt_type_id">
           <isNotEmpty property="wpt_type_id" prepend=",">#wpt_type_id#</isNotEmpty>
        </isNotNull>
        <isNotNull property="task_num">
           <isNotEmpty property="task_num" prepend=",">#task_num#</isNotEmpty>
        </isNotNull>
        <isNotNull property="title">
           <isNotEmpty property="title" prepend=",">#title#</isNotEmpty>
        </isNotNull>
        <isNotNull property="task_content">
           <isNotEmpty property="task_content" prepend=",">#task_content#</isNotEmpty>
        </isNotNull>
        <isNotNull property="task_type">
           <isNotEmpty property="task_type" prepend=",">#task_type#</isNotEmpty>
        </isNotNull>
        <isNotNull property="importance">
           <isNotEmpty property="importance" prepend=",">#importance#</isNotEmpty>
        </isNotNull>
        <isNotNull property="task_status">
           <isNotEmpty property="task_status" prepend=",">#task_status#</isNotEmpty>
        </isNotNull>
        <isNotNull property="task_status_remark">
           <isNotEmpty property="task_status_remark" prepend=",">#task_status_remark#</isNotEmpty>
        </isNotNull>
        <isNotNull property="respon_leader">
	  		<isNotEmpty property="respon_leader" prepend=",">#respon_leader#</isNotEmpty>
        </isNotNull>
        <isNotNull property="respon_people">
	  		<isNotEmpty property="respon_people" prepend=",">#respon_people#</isNotEmpty>
        </isNotNull>
        <isNotNull property="launch_user">
           <isNotEmpty property="launch_user" prepend=",">#launch_user#</isNotEmpty>
        </isNotNull>
        <isNotNull property="launch_time">
           <isNotEmpty property="launch_time" prepend=",">#launch_time#</isNotEmpty>
        </isNotNull>
        <isNotNull property="task_remark">
           <isNotEmpty property="task_remark" prepend=",">#task_remark#</isNotEmpty>
        </isNotNull>
        <isNotNull property="estimate_start_time">
           <isNotEmpty property="estimate_start_time" prepend=",">#estimate_start_time#</isNotEmpty>
        </isNotNull>
        <isNotNull property="estimate_end_time">
           <isNotEmpty property="estimate_end_time" prepend=",">#estimate_end_time#</isNotEmpty>
        </isNotNull>
        <isNotNull property="actual_start_time">
           <isNotEmpty property="actual_start_time" prepend=",">#actual_start_time#</isNotEmpty>
        </isNotNull>
        <isNotNull property="actual_end_time">
           <isNotEmpty property="actual_end_time" prepend=",">#actual_end_time#</isNotEmpty>
        </isNotNull>
        <isNotNull property="is_sign">
           <isNotEmpty property="is_sign" prepend=",">#is_sign#</isNotEmpty>
        </isNotNull>
        <isNotNull property="total_schedule">
           <isNotEmpty property="total_schedule" prepend=",">#total_schedule#</isNotEmpty>
        </isNotNull>
        <isNotNull property="sort">
           <isNotEmpty property="sort" prepend=",">#sort#</isNotEmpty>
        </isNotNull>
        <isNotNull property="attachment_name">
           <isNotEmpty property="attachment_name" prepend=",">#attachment_name#</isNotEmpty>
        </isNotNull>
        <isNotNull property="attachment">
           <isNotEmpty property="attachment" prepend=",">#attachment#</isNotEmpty>
        </isNotNull>
        <isNotNull property="evaluate">
           <isNotEmpty property="evaluate" prepend=",">#evaluate#</isNotEmpty>
        </isNotNull>
        <isNotNull property="score">
           <isNotEmpty property="score" prepend=",">#score#</isNotEmpty>
        </isNotNull>
        <isNotNull property="is_delete">
           <isNotEmpty property="is_delete" prepend=",">#is_delete#</isNotEmpty>
        </isNotNull>
        <isNotNull property="is_share">
           <isNotEmpty property="is_share" prepend=",">#is_share#</isNotEmpty>
        </isNotNull>
        <isNotNull property="wt_opt_type"><isNotEmpty property="wt_opt_type" prepend=",">#wt_opt_type#</isNotEmpty></isNotNull>
       	<isNotNull property="wt_opt_date"><isNotEmpty property="wt_opt_date" prepend=",">#wt_opt_date#</isNotEmpty></isNotNull>
    </dynamic>
    )
  </insert>
  
  <!--修改 （twg）-->
  <update id="modify" parameterClass="java.util.HashMap">
    UPDATE wt_worktask SET worktask_id = #worktask_id#
    <dynamic prepend="">
        <isNotNull property="wpt_type_id">
           <isNotEmpty property="wpt_type_id" prepend=",">wpt_type_id = #wpt_type_id#</isNotEmpty>
        </isNotNull>
        <isNotNull property="task_num">
           <isNotEmpty property="task_num" prepend=",">task_num = #task_num#</isNotEmpty>
        </isNotNull>
        <isNotNull property="title">
           <isNotEmpty property="title" prepend=",">title = #title#</isNotEmpty>
        </isNotNull>
        <isNotNull property="task_content">
           <isNotEmpty property="task_content" prepend=",">task_content = #task_content#</isNotEmpty>
        </isNotNull>
        <isNotNull property="task_type">
           <isNotEmpty property="task_type" prepend=",">task_type = #task_type#</isNotEmpty>
        </isNotNull>
        <isNotNull property="importance">
           <isNotEmpty property="importance" prepend=",">importance = #importance#</isNotEmpty>
        </isNotNull>
        <isNotNull property="task_status">
           <isNotEmpty property="task_status" prepend=",">task_status = #task_status#</isNotEmpty>
        </isNotNull>
        <isNotNull property="task_status_remark">
           <isNotEmpty property="task_status_remark" prepend=",">task_status_remark = #task_status_remark#</isNotEmpty>
        </isNotNull>
        <isNotNull property="respon_leader">
	  		<isNotEmpty property="respon_leader" prepend=",">respon_leader = #respon_leader#</isNotEmpty>
        </isNotNull>
        <isNotNull property="respon_people">
	 		<isNotEmpty property="respon_people" prepend=",">respon_people = #respon_people#</isNotEmpty>
        </isNotNull>
        <isNotNull property="launch_user">
           <isNotEmpty property="launch_user" prepend=",">launch_user = #launch_user#</isNotEmpty>
        </isNotNull>
        <isNotNull property="launch_time">
           <isNotEmpty property="launch_time" prepend=",">launch_time = #launch_time#</isNotEmpty>
        </isNotNull>
        <isNotNull property="task_remark">
           <isNotEmpty property="task_remark" prepend=",">task_remark = #task_remark#</isNotEmpty>
        </isNotNull>
        <isNotNull property="estimate_start_time">
           <isNotEmpty property="estimate_start_time" prepend=",">estimate_start_time = #estimate_start_time#</isNotEmpty>
        </isNotNull>
        <isNotNull property="estimate_end_time">
           <isNotEmpty property="estimate_end_time" prepend=",">estimate_end_time = #estimate_end_time#</isNotEmpty>
        </isNotNull>
        <isNotNull property="actual_start_time">
           <isNotEmpty property="actual_start_time" prepend=",">actual_start_time = #actual_start_time#</isNotEmpty>
        </isNotNull>
        <isNotNull property="actual_end_time">
           <isNotEmpty property="actual_end_time" prepend=",">actual_end_time = #actual_end_time#</isNotEmpty>
        </isNotNull>
        <isNotNull property="is_sign">
           <isNotEmpty property="is_sign" prepend=",">is_sign = #is_sign#</isNotEmpty>
        </isNotNull>
        <isNotNull property="total_schedule">
           <isNotEmpty property="total_schedule" prepend=",">total_schedule = #total_schedule#</isNotEmpty>
        </isNotNull>
        <isNotNull property="sort">
           <isNotEmpty property="sort" prepend=",">sort = #sort#</isNotEmpty>
        </isNotNull>
        <isNotNull property="attachment_name">
           <isNotEmpty property="attachment_name" prepend=",">attachment_name = #attachment_name#</isNotEmpty>
        </isNotNull>
        <isNotNull property="attachment">
           <isNotEmpty property="attachment" prepend=",">attachment = #attachment#</isNotEmpty>
        </isNotNull>
        <isNotNull property="evaluate">
           <isNotEmpty property="evaluate" prepend=",">evaluate = #evaluate#</isNotEmpty>
        </isNotNull>
        <isNotNull property="score">
           <isNotEmpty property="score" prepend=",">score = #score#</isNotEmpty>
        </isNotNull>
        <isNotNull property="is_delete">
           <isNotEmpty property="is_delete" prepend=",">is_delete = #is_delete#</isNotEmpty>
        </isNotNull>
        <isNotNull property="is_share">
           <isNotEmpty property="is_share" prepend=",">is_share = #is_share#</isNotEmpty>
        </isNotNull>
        <isNotNull property="wt_opt_type"><isNotEmpty property="wt_opt_type" prepend=",">wt_opt_type = #wt_opt_type#</isNotEmpty></isNotNull>
       	<isNotNull property="wt_opt_date"><isNotEmpty property="wt_opt_date" prepend=",">wt_opt_date = #wt_opt_date#</isNotEmpty></isNotNull>
    </dynamic>
    WHERE worktask_id = #worktask_id#
  </update>

  <!--删除 （twg）-->
  <update id="remove" parameterClass="java.util.HashMap">
    DELETE FROM wt_worktask WHERE worktask_id = #worktask_id#
  </update>
  
  <!--查询全部工作任务 （twg）-->
  <select id="queryAllWorkTask" parameterClass="java.util.HashMap" resultClass="java.util.HashMap" remapResults="true">
    SELECT ww.worktask_id,ww.wpt_type_id, ww.task_num, ww.title, ww.task_content, ww.task_type, ww.importance, ww.task_status, ww.task_status_remark, ww.launch_user, ww.launch_time, 
	ww.task_remark, ww.estimate_start_time, ww.estimate_end_time, ww.actual_start_time, ww.actual_end_time, ww.is_sign, ww.total_schedule, ww.sort, 
	ww.attachment_name, ww.attachment, ww.evaluate, ww.score, ww.is_delete, ww.is_share ,su.real_name ,wpt.wpt_alias,
	(SELECT GROUP_CONCAT(sd.dept_name) AS dept_names FROM wt_dept_task dt
	LEFT JOIN mb_sys_dept sd ON dt.dept_id=sd.dept_id
	WHERE dt.worktask_id=ww.worktask_id) AS main_unit_names,ww.wt_opt_type,ww.wt_opt_date
	FROM wt_worktask ww 
	<dynamic prepend="">
     	<isNotNull property="dept_id">
          <isNotEmpty property="dept_id" prepend=""> LEFT JOIN wt_dept_task dt ON ww.worktask_id=dt.worktask_id </isNotEmpty>
       </isNotNull>
    </dynamic>
	INNER JOIN wt_project_type wpt ON ww.wpt_type_id=wpt.wpt_type_id
	INNER JOIN mb_sys_user su ON ww.launch_user=su.user_id 
	WHERE ww.is_delete='N' 
     <dynamic prepend="">
     	<isNotNull property="wpt_type_id">
          <isNotEmpty property="wpt_type_id" prepend="AND"> ww.wpt_type_id = #wpt_type_id# </isNotEmpty>
       </isNotNull>
       <isNotNull property="task_num">
          <isNotEmpty property="task_num" prepend="AND"> ww.task_num like '%$task_num$%' </isNotEmpty>
       </isNotNull>
       <isNotNull property="title">
          <isNotEmpty property="title" prepend="AND"> ww.title like '%$title$%' </isNotEmpty>
       </isNotNull>
       <isNotNull property="task_content">
          <isNotEmpty property="task_content" prepend="AND"> ww.task_content = #task_content# </isNotEmpty>
       </isNotNull>
       <isNotNull property="task_type">
          <isNotEmpty property="task_type" prepend="AND"> ww.task_type = #task_type# </isNotEmpty>
       </isNotNull>
       <isNotNull property="importance">
          <isNotEmpty property="importance" prepend="AND"> ww.importance = #importance# </isNotEmpty>
       </isNotNull>
       <isNotNull property="task_status">
          <isNotEmpty property="task_status" prepend="AND"> ww.task_status = #task_status# </isNotEmpty>
       </isNotNull>
       <isNotNull property="respon_leader">
          <isNotEmpty property="respon_leader" prepend="AND"> ww.respon_leader like '%$respon_leader$%' </isNotEmpty>
       </isNotNull>
       <isNotNull property="launch_user">
          <isNotEmpty property="launch_user" prepend="AND"> ww.launch_user = #launch_user# </isNotEmpty>
       </isNotNull>
       <isNotNull property="launch_user_name">
          <isNotEmpty property="launch_user_name" prepend="AND"> su.real_name like '%$launch_user_name$%' </isNotEmpty>
       </isNotNull>
       <isNotNull property="launch_time">
          <isNotEmpty property="launch_time" prepend="AND"> ww.launch_time = #launch_time# </isNotEmpty>
       </isNotNull>
       <isNotNull property="start_time">
          <isNotEmpty property="start_time" prepend="AND"> <![CDATA[ ww.launch_time >= #start_time# ]]></isNotEmpty>
       </isNotNull>
       <isNotNull property="end_time">
          <isNotEmpty property="end_time" prepend="AND"> <![CDATA[  ww.launch_time <= #end_time# ]]></isNotEmpty>
       </isNotNull>
       <isNotNull property="arr_start_time">
          <isNotEmpty property="arr_start_time" prepend="AND"> <![CDATA[ ww.estimate_start_time >= #arr_start_time# ]]></isNotEmpty>
       </isNotNull>
       <isNotNull property="arr_end_time">
          <isNotEmpty property="arr_end_time" prepend="AND"> <![CDATA[  ww.estimate_start_time <= #arr_end_time# ]]></isNotEmpty>
       </isNotNull>
       <isNotNull property="estimate_start_time">
          <isNotEmpty property="estimate_start_time" prepend="AND"> ww.estimate_start_time = #estimate_start_time# </isNotEmpty>
       </isNotNull>
       <isNotNull property="estimate_end_time">
          <isNotEmpty property="estimate_end_time" prepend="AND"> ww.estimate_end_time = #estimate_end_time# </isNotEmpty>
       </isNotNull>
       <isNotNull property="actual_start_time">
          <isNotEmpty property="actual_start_time" prepend="AND"> ww.actual_start_time = #actual_start_time# </isNotEmpty>
       </isNotNull>
       <isNotNull property="actual_end_time">
          <isNotEmpty property="actual_end_time" prepend="AND"> ww.actual_end_time = #actual_end_time# </isNotEmpty>
       </isNotNull>
       <isNotNull property="is_sign">
          <isNotEmpty property="is_sign" prepend="AND"> ww.is_sign = #is_sign# </isNotEmpty>
       </isNotNull>
       <isNotNull property="total_schedule">
          <isNotEmpty property="total_schedule" prepend="AND"> ww.total_schedule = #total_schedule# </isNotEmpty>
       </isNotNull>
       <isNotNull property="score">
          <isNotEmpty property="score" prepend="AND"> ww.score = #score# </isNotEmpty>
       </isNotNull>
       <isNotNull property="is_share">
          <isNotEmpty property="is_share" prepend="AND"> ww.is_share = #is_share# </isNotEmpty>
       </isNotNull>
       <isNotNull property="dept_id">
          <isNotEmpty property="dept_id" prepend="AND"> dt.dept_id = #dept_id# </isNotEmpty>
       </isNotNull>
       <isNotNull property="dt_is_lock_type">
          <isNotEmpty property="dt_is_lock_type" prepend="AND"> ww.worktask_id IN (SELECT worktask_id FROM wt_dept_task wdtt WHERE wdtt.dt_is_lock=#dt_is_lock_type#) </isNotEmpty>
       </isNotNull>
       <isNotNull property="evaluate">
          <isNotEmpty property="evaluate" prepend="AND"> ww.evaluate = #evaluate# </isNotEmpty>
       </isNotNull>
       <isNotNull property="to_doing">
          <isNotEmpty property="to_doing" prepend="AND"> ww.total_schedule &lt; 100 AND ww.estimate_end_time &lt; NOW() and ww.task_status = 'A' and ww.is_delete = 'N' </isNotEmpty>
       </isNotNull>
     </dynamic>
     GROUP BY ww.worktask_id 
     order by ww.launch_time desc 
  </select>
  
  
  <!--根据部门ID查询部门所有任务 （twg）-->
  <select id="queryDeptTask" parameterClass="java.util.HashMap" resultClass="java.util.HashMap" remapResults="true">
     SELECT dt.dt_dept_task_id,ww.worktask_id,ww.wpt_type_id, ww.task_num, ww.title, ww.task_content, ww.importance, ww.task_status, ww.launch_user, ww.launch_time, 
	ww.task_remark, ww.estimate_start_time, ww.estimate_end_time, ww.actual_start_time, ww.actual_end_time, ww.is_sign, ww.total_schedule, ww.sort, 
	ww.evaluate, ww.score, ww.is_delete, ww.is_share,wpt.wpt_alias,dt.dept_id,sd.dept_name,ww.wt_opt_type,ww.wt_opt_date,
	dt.dt_submit_year,dt.dt_submit_time,dt.dt_schedule,dt.dt_start_time,dt.dt_end_time,dt.dt_change_stime,dt.dt_change_etime,
	(SELECT CONVERT(GROUP_CONCAT(CONCAT(ds.ds_submit_year,'-',ds.ds_submit_time)) USING utf8) AS aaa 
	FROM wt_dept_schedule ds WHERE ds.dt_dept_task_id=dt.dt_dept_task_id) AS history_dept_schedule 
	FROM wt_dept_task dt 
	LEFT JOIN mb_sys_dept sd ON sd.dept_id=dt.dept_id
	LEFT JOIN wt_worktask ww ON ww.worktask_id=dt.worktask_id
	INNER JOIN wt_project_type wpt ON ww.wpt_type_id=wpt.wpt_type_id
	WHERE ww.is_delete='N' and ww.task_status = 'A' 
	AND dt.dept_id IN (SELECT sud.dept_id FROM mb_sys_user_dept sud WHERE sud.user_id=#login_user_id#)
     <dynamic prepend="">
       <isNotNull property="wpt_type_id">
          <isNotEmpty property="wpt_type_id" prepend="AND"> ww.wpt_type_id = #wpt_type_id# </isNotEmpty>
       </isNotNull>
       <isNotNull property="dept_id">
          <isNotEmpty property="dept_id" prepend="AND"> dt.dept_id = #dept_id# </isNotEmpty>
       </isNotNull>
       
       <isEqual property="approval_status" compareValue="O" prepend="AND"> 
       	  dt.worktask_id IN (SELECT wte.worktask_id FROM wt_task_execution wte LEFT JOIN wt_task_arrange taa ON wte.task_arrange_id=taa.task_arrange_id
			WHERE wte.approval_status = 'O'AND taa.dept_id IN (SELECT sud.dept_id FROM mb_sys_user_dept sud WHERE sud.user_id=#login_user_id#)) 
       </isEqual>
       <isEqual property="approval_status" compareValue="Y" prepend="AND"> 
       	  dt.worktask_id NOT IN (SELECT wte.worktask_id FROM wt_task_execution wte LEFT JOIN wt_task_arrange taa ON wte.task_arrange_id=taa.task_arrange_id
			WHERE wte.approval_status = 'O' AND taa.dept_id IN (SELECT sud.dept_id FROM mb_sys_user_dept sud WHERE sud.user_id=#login_user_id#)) and dt.dt_status = 'Y'  
       </isEqual>
       
       <isNotNull property="task_num">
          <isNotEmpty property="task_num" prepend="AND"> ww.task_num like '%$task_num$%' </isNotEmpty>
       </isNotNull>
       <isNotNull property="title">
          <isNotEmpty property="title" prepend="AND"> ww.title like '%$title$%' </isNotEmpty>
       </isNotNull>
       <isNotNull property="task_content">
          <isNotEmpty property="task_content" prepend="AND"> ww.task_content = #task_content# </isNotEmpty>
       </isNotNull>
       <isNotNull property="task_type">
          <isNotEmpty property="task_type" prepend="AND"> ww.task_type = #task_type# </isNotEmpty>
       </isNotNull>
       <isNotNull property="importance">
          <isNotEmpty property="importance" prepend="AND"> ww.importance = #importance# </isNotEmpty>
       </isNotNull>
       <isNotNull property="task_status">
          <isNotEmpty property="task_status" prepend="AND"> ww.task_status = #task_status# </isNotEmpty>
       </isNotNull>
       <isNotNull property="launch_user">
          <isNotEmpty property="launch_user" prepend="AND"> ww.launch_user = #launch_user# </isNotEmpty>
       </isNotNull>
       <isNotNull property="launch_time">
          <isNotEmpty property="launch_time" prepend="AND"> ww.launch_time = #launch_time# </isNotEmpty>
       </isNotNull>
       <isNotNull property="start_time">
          <isNotEmpty property="start_time" prepend="AND"> <![CDATA[ ww.launch_time >= #start_time# ]]></isNotEmpty>
       </isNotNull>
       <isNotNull property="end_time">
          <isNotEmpty property="end_time" prepend="AND"> <![CDATA[  ww.launch_time <= #end_time# ]]></isNotEmpty>
       </isNotNull>
       <isNotNull property="arr_start_time">
          <isNotEmpty property="arr_start_time" prepend="AND"> <![CDATA[ ww.estimate_start_time >= #arr_start_time# ]]></isNotEmpty>
       </isNotNull>
       <isNotNull property="arr_end_time">
          <isNotEmpty property="arr_end_time" prepend="AND"> <![CDATA[  ww.estimate_start_time <= #arr_end_time# ]]></isNotEmpty>
       </isNotNull>
       <isNotNull property="estimate_start_time">
          <isNotEmpty property="estimate_start_time" prepend="AND"> ww.estimate_start_time = #estimate_start_time# </isNotEmpty>
       </isNotNull>
       <isNotNull property="estimate_end_time">
          <isNotEmpty property="estimate_end_time" prepend="AND"> ww.estimate_end_time = #estimate_end_time# </isNotEmpty>
       </isNotNull>
       <isEqual property="is_submitted" compareValue="Y" prepend="AND"> 
       	  	dt.dt_submit_year = CASE ww.wt_opt_type 
			WHEN 'A' THEN #year#
			WHEN 'B' THEN #back_year_month#
			WHEN 'C' THEN #year#
			WHEN 'D' THEN #back_year_week#
			END 
			AND dt.dt_submit_time = CASE ww.wt_opt_type 
			WHEN 'A' THEN #month#
			WHEN 'B' THEN #back_month#
			WHEN 'C' THEN #week#
			WHEN 'D' THEN #back_week#
			END 
       </isEqual>
       <isEqual property="is_submitted" compareValue="N" prepend="AND"> 
       	  	dt.dt_submit_year &lt;&gt; CASE ww.wt_opt_type 
			WHEN 'A' THEN #year#
			WHEN 'B' THEN #back_year_month#
			WHEN 'C' THEN #year#
			WHEN 'D' THEN #back_year_week#
			END 
			AND dt.dt_submit_time &lt;&gt; CASE ww.wt_opt_type 
			WHEN 'A' THEN #month#
			WHEN 'B' THEN #back_month#
			WHEN 'C' THEN #week#
			WHEN 'D' THEN #back_week#
			END 
       </isEqual>
     </dynamic>
     <dynamic prepend="">
       <isNotEqual property="opt_mark" compareValue="approval" prepend=""> GROUP BY ww.worktask_id </isNotEqual>
     </dynamic>
     order by ww.launch_time desc 
  </select>
  
  <!--事项类型统计报表 （twg）-->
  <select id="queryProjectStatistics" parameterClass="java.util.HashMap" resultClass="java.util.HashMap" remapResults="true">
  	SELECT pt.wpt_type_id,pt.wpt_alias,
	SUM( CASE WHEN ww.task_status = 'A' THEN
	1 ELSE 0 END) doing,
	SUM( CASE WHEN ww.task_status = 'B' THEN
	1 ELSE 0 END) suspend,
	SUM( CASE WHEN ww.task_status = 'C' THEN
	1 ELSE 0 END) completed,
	SUM( CASE WHEN ww.task_status = 'D' THEN
	1 ELSE 0 END) abandoned,
	SUM( CASE WHEN ww.total_schedule &lt; 100 AND ww.estimate_end_time &lt; NOW() THEN
	1 ELSE 0 END) to_doing
	FROM wt_worktask ww
	LEFT JOIN wt_project_type pt ON ww.wpt_type_id=pt.wpt_type_id
	where 1=1 
	<dynamic prepend="">
       <isNotNull property="respon_leader">
          <isNotEmpty property="respon_leader" prepend="AND"> ww.respon_leader like '%$respon_leader$%' </isNotEmpty>
       </isNotNull>
       <isNotNull property="title">
          <isNotEmpty property="title" prepend="AND"> ww.title like '%$title$%' </isNotEmpty>
       </isNotNull>
     </dynamic>
	GROUP BY ww.wpt_type_id
  </select>
  
  <!--事项类型统计报表 （twg）-->
  <select id="queryScheduleEvaluate" parameterClass="java.util.HashMap" resultClass="java.util.HashMap" remapResults="true">
  	SELECT pt.wpt_type_id,pt.wpt_alias,
	SUM( CASE WHEN ww.evaluate = '正常' THEN
	1 ELSE 0 END) doing,
	SUM( CASE WHEN ww.evaluate = '较慢' THEN
	1 ELSE 0 END) suspend,
	SUM( CASE WHEN ww.evaluate = '完成' THEN
	1 ELSE 0 END) completed,
	SUM( CASE WHEN ww.total_schedule &lt; 100 AND ww.estimate_end_time &lt; NOW() and ww.task_status = 'A' and ww.is_delete = 'N' THEN
	1 ELSE 0 END) to_doing
	FROM wt_worktask ww
	LEFT JOIN wt_project_type pt ON ww.wpt_type_id=pt.wpt_type_id
	where 1=1 
	<dynamic prepend="">
       <isNotNull property="respon_leader">
          <isNotEmpty property="respon_leader" prepend="AND"> ww.respon_leader like '%$respon_leader$%' </isNotEmpty>
       </isNotNull>
       <isNotNull property="title">
          <isNotEmpty property="title" prepend="AND"> ww.title like '%$title$%' </isNotEmpty>
       </isNotNull>
       <isNotNull property="arr_start_time">
          <isNotEmpty property="arr_start_time" prepend="AND"> <![CDATA[ ww.estimate_start_time >= #arr_start_time# ]]></isNotEmpty>
       </isNotNull>
       <isNotNull property="arr_end_time">
          <isNotEmpty property="arr_end_time" prepend="AND"> <![CDATA[  ww.estimate_start_time <= #arr_end_time# ]]></isNotEmpty>
       </isNotNull>
     </dynamic>
	GROUP BY ww.wpt_type_id
  </select>
  
</sqlMap>  