<!DOCTYPE sqlMap PUBLIC "-//ibatis.apache.org//DTD SQL Map 2.0//EN" "http://ibatis.apache.org/dtd/sql-map-2.dtd">
<sqlMap namespace="user.mbSysDept">
  
  <!--搜索 （谭文广）-->
  <select id="query" parameterClass="java.util.HashMap" resultClass="java.util.HashMap" remapResults="true">
     SELECT sd.dept_id, sd.dept_name, sd.dept_code, sd.parent_id, sd.dept_level, sd.is_delete,sd.dept_sort,
	sd.dept_type, sd.remark ,msd.dept_name AS parent_dept_name
	FROM mb_sys_dept sd
	LEFT JOIN mb_sys_dept msd ON sd.parent_id=msd.dept_id
	WHERE 1 = 1 
     <dynamic prepend="">
       <isNotNull property="dept_id">
          <isNotEmpty property="dept_id" prepend="AND"> sd.dept_id = #dept_id# </isNotEmpty>
       </isNotNull>
       <isNotNull property="dept_name">
          <isNotEmpty property="dept_name" prepend="AND"> sd.dept_name = #dept_name# </isNotEmpty>
       </isNotNull>
       <isNotNull property="dept_code">
          <isNotEmpty property="dept_code" prepend="AND"> sd.dept_code = #dept_code# </isNotEmpty>
       </isNotNull>
       <isNotNull property="parent_id">
          <isNotEmpty property="parent_id" prepend="AND"> sd.parent_id = #parent_id# </isNotEmpty>
       </isNotNull>
       <isNotNull property="dept_level">
          <isNotEmpty property="dept_level" prepend="AND"> sd.dept_level = #dept_level# </isNotEmpty>
       </isNotNull>
       <isNotNull property="is_delete">
          <isNotEmpty property="is_delete" prepend="AND"> sd.is_delete = #is_delete# </isNotEmpty>
       </isNotNull>
       <isNotNull property="dept_type">
          <isNotEmpty property="dept_type" prepend="AND"> sd.dept_type = #dept_type# </isNotEmpty>
       </isNotNull>
       <isNotNull property="remark">
          <isNotEmpty property="remark" prepend="AND"> sd.remark = #remark# </isNotEmpty>
       </isNotNull>
       <isNotNull property="login_user_id">
          <isNotEmpty property="login_user_id" prepend="AND"> sd.dept_id in (select dept_id from mb_sys_user_dept where user_id = #login_user_id#) </isNotEmpty>
       </isNotNull>
     </dynamic>
     group by sd.dept_id
     order by sd.dept_sort 
  </select>
  
  <!--创建 （谭文广）-->
  <insert id="create" parameterClass="java.util.HashMap">
    INSERT INTO mb_sys_dept (dept_id
    <dynamic prepend="">
        <isNotNull property="dept_name">
	  <isNotEmpty property="dept_name" prepend=",">dept_name</isNotEmpty>
        </isNotNull>
        <isNotNull property="dept_code">
	  <isNotEmpty property="dept_code" prepend=",">dept_code</isNotEmpty>
        </isNotNull>
        <isNotNull property="parent_id">
	  <isNotEmpty property="parent_id" prepend=",">parent_id</isNotEmpty>
        </isNotNull>
        <isNotNull property="dept_level">
	  <isNotEmpty property="dept_level" prepend=",">dept_level</isNotEmpty>
        </isNotNull>
        <isNotNull property="is_delete">
	  <isNotEmpty property="is_delete" prepend=",">is_delete</isNotEmpty>
        </isNotNull>
        <isNotNull property="dept_type">
	  <isNotEmpty property="dept_type" prepend=",">dept_type</isNotEmpty>
        </isNotNull>
        <isNotNull property="remark">
	  <isNotEmpty property="remark" prepend=",">remark</isNotEmpty>
        </isNotNull>
        <isNotNull property="dept_sort"><isNotEmpty property="dept_sort" prepend=",">dept_sort</isNotEmpty></isNotNull>
    </dynamic>
    ) VALUES (#dept_id#
    <dynamic prepend="">
        <isNotNull property="dept_name">
           <isNotEmpty property="dept_name" prepend=",">#dept_name#</isNotEmpty>
        </isNotNull>
        <isNotNull property="dept_code">
           <isNotEmpty property="dept_code" prepend=",">#dept_code#</isNotEmpty>
        </isNotNull>
        <isNotNull property="parent_id">
           <isNotEmpty property="parent_id" prepend=",">#parent_id#</isNotEmpty>
        </isNotNull>
        <isNotNull property="dept_level">
           <isNotEmpty property="dept_level" prepend=",">#dept_level#</isNotEmpty>
        </isNotNull>
        <isNotNull property="is_delete">
           <isNotEmpty property="is_delete" prepend=",">#is_delete#</isNotEmpty>
        </isNotNull>
        <isNotNull property="dept_type">
           <isNotEmpty property="dept_type" prepend=",">#dept_type#</isNotEmpty>
        </isNotNull>
        <isNotNull property="remark">
           <isNotEmpty property="remark" prepend=",">#remark#</isNotEmpty>
        </isNotNull>
        <isNotNull property="dept_sort"><isNotEmpty property="dept_sort" prepend=",">#dept_sort#</isNotEmpty></isNotNull>
    </dynamic>
    )
  </insert>
  
  <!--修改 （谭文广）-->
  <update id="modify" parameterClass="java.util.HashMap">
    UPDATE mb_sys_dept SET dept_id = #dept_id#
    <dynamic prepend="">
        <isNotNull property="dept_name">
           <isNotEmpty property="dept_name" prepend=",">dept_name = #dept_name#</isNotEmpty>
        </isNotNull>
        <isNotNull property="dept_code">
           <isNotEmpty property="dept_code" prepend=",">dept_code = #dept_code#</isNotEmpty>
        </isNotNull>
        <isNotNull property="parent_id">
           <isNotEmpty property="parent_id" prepend=",">parent_id = #parent_id#</isNotEmpty>
        </isNotNull>
        <isNotNull property="dept_level">
           <isNotEmpty property="dept_level" prepend=",">dept_level = #dept_level#</isNotEmpty>
        </isNotNull>
        <isNotNull property="is_delete">
           <isNotEmpty property="is_delete" prepend=",">is_delete = #is_delete#</isNotEmpty>
        </isNotNull>
        <isNotNull property="dept_type">
           <isNotEmpty property="dept_type" prepend=",">dept_type = #dept_type#</isNotEmpty>
        </isNotNull>
        <isNotNull property="remark">
           <isNotEmpty property="remark" prepend=",">remark = #remark#</isNotEmpty>
        </isNotNull>
        <isNotNull property="dept_sort"><isNotEmpty property="dept_sort" prepend=",">dept_sort = #dept_sort#</isNotEmpty></isNotNull>
    </dynamic>
    WHERE dept_id = #dept_id#
  </update>

  <!--删除 （谭文广）-->
  <update id="remove" parameterClass="java.util.HashMap">
  <!--DELETE FROM mb_sys_dept WHERE dept_id = #dept_id#-->
    update mb_sys_dept set is_delete='Y' WHERE dept_id = #dept_id# 
  </update>
  
</sqlMap>  