<!DOCTYPE sqlMap PUBLIC "-//ibatis.apache.org//DTD SQL Map 2.0//EN" "http://ibatis.apache.org/dtd/sql-map-2.dtd">
<sqlMap namespace="user.mbSysUserDept">
  
  <!--搜索 （谭文广）-->
  <select id="query" parameterClass="java.util.HashMap" resultClass="java.util.HashMap" remapResults="true">
     SELECT ud.user_dept_id, ud.user_id, ud.dept_id,su.real_name,sd.dept_name,sd.dept_code ,su.title_explain
	 FROM mb_sys_user_dept ud
	 INNER JOIN mb_sys_user su ON su.user_id=ud.user_id 
	 INNER JOIN mb_sys_dept sd ON sd.dept_id=ud.dept_id 
     WHERE 1 = 1 
     <dynamic prepend="">
       <isNotNull property="user_dept_id">
          <isNotEmpty property="user_dept_id" prepend="AND"> ud.user_dept_id = #user_dept_id# </isNotEmpty>
       </isNotNull>
       <isNotNull property="user_id">
          <isNotEmpty property="user_id" prepend="AND"> ud.user_id = #user_id# </isNotEmpty>
       </isNotNull>
       <isNotNull property="dept_id">
          <isNotEmpty property="dept_id" prepend="AND"> ud.dept_id = #dept_id# </isNotEmpty>
       </isNotNull>
       <isNotNull property="is_frozen">
          <isNotEmpty property="is_frozen" prepend="AND"> su.is_frozen = #is_frozen# </isNotEmpty>
       </isNotNull>
       <isNotNull property="is_delete">
          <isNotEmpty property="is_delete" prepend="AND"> su.is_delete = #is_delete# </isNotEmpty>
       </isNotNull>
       <isNotNull property="user_type">
          <isNotEmpty property="user_type" prepend="AND"> su.user_type = #user_type# </isNotEmpty>
       </isNotNull>
     </dynamic>
  </select>
  
  <!--创建 （谭文广）-->
  <insert id="create" parameterClass="java.util.HashMap">
    INSERT INTO mb_sys_user_dept (user_dept_id
    <dynamic prepend="">
        <isNotNull property="user_id">
	  <isNotEmpty property="user_id" prepend=",">user_id</isNotEmpty>
        </isNotNull>
        <isNotNull property="dept_id">
	  <isNotEmpty property="dept_id" prepend=",">dept_id</isNotEmpty>
        </isNotNull>
    </dynamic>
    ) VALUES (#user_dept_id#
    <dynamic prepend="">
        <isNotNull property="user_id">
           <isNotEmpty property="user_id" prepend=",">#user_id#</isNotEmpty>
        </isNotNull>
        <isNotNull property="dept_id">
           <isNotEmpty property="dept_id" prepend=",">#dept_id#</isNotEmpty>
        </isNotNull>
    </dynamic>
    )
  </insert>
  
  <!--修改 （谭文广）-->
  <update id="modify" parameterClass="java.util.HashMap">
    UPDATE mb_sys_user_dept SET user_dept_id = #user_dept_id#
    <dynamic prepend="">
        <isNotNull property="user_id">
           <isNotEmpty property="user_id" prepend=",">user_id = #user_id#</isNotEmpty>
        </isNotNull>
        <isNotNull property="dept_id">
           <isNotEmpty property="dept_id" prepend=",">dept_id = #dept_id#</isNotEmpty>
        </isNotNull>
    </dynamic>
    WHERE user_dept_id = #user_dept_id#
  </update>

  <!--删除 （谭文广）-->
  <update id="remove" parameterClass="java.util.HashMap">
    DELETE FROM mb_sys_user_dept WHERE user_dept_id = #user_dept_id#
  </update>
  
  <!--根据用户ID删除用户与部门关联信息 （谭文广）-->
  <update id="removeUserDept" parameterClass="java.util.HashMap">
    DELETE FROM mb_sys_user_dept WHERE user_id = #user_id# 
  </update>
  
  
  <!--根据部门ID查询该部门下所有用户信息-->
  <select id="queryAllUserByDept" parameterClass="java.util.HashMap" resultClass="java.util.HashMap" remapResults="true">
     SELECT su.* FROM mb_sys_user_dept sud
	 LEFT JOIN mb_sys_user su ON sud.user_id=su.user_id
	 WHERE sud.dept_id=#dept_id#
  </select>
  
</sqlMap>  