<!DOCTYPE sqlMap PUBLIC "-//ibatis.apache.org//DTD SQL Map 2.0//EN" "http://ibatis.apache.org/dtd/sql-map-2.dtd">
<sqlMap namespace="user.sysDeptGroup">
  
  <!--search （twg）-->
  <select id="query" parameterClass="java.util.HashMap" resultClass="java.util.HashMap" remapResults="true">
     SELECT dg_id, sg_id, sd_dept_id 
     FROM sys_dept_group 
     WHERE 1 = 1
     <dynamic prepend="">
       <isNotNull property="dg_id"><isNotEmpty property="dg_id" prepend="AND"> dg_id = #dg_id# </isNotEmpty></isNotNull>
       <isNotNull property="sg_id"><isNotEmpty property="sg_id" prepend="AND"> sg_id = #sg_id# </isNotEmpty></isNotNull>
       <isNotNull property="sd_dept_id"><isNotEmpty property="sd_dept_id" prepend="AND"> sd_dept_id = #sd_dept_id# </isNotEmpty></isNotNull>
     </dynamic>
  </select>
  
  <!--create （twg）-->
  <insert id="create" parameterClass="java.util.HashMap">
    INSERT INTO sys_dept_group (dg_id
    <dynamic prepend="">
        <isNotNull property="sg_id"><isNotEmpty property="sg_id" prepend=",">sg_id</isNotEmpty></isNotNull>
        <isNotNull property="sd_dept_id"><isNotEmpty property="sd_dept_id" prepend=",">sd_dept_id</isNotEmpty></isNotNull>
    </dynamic>
    ) VALUES (#dg_id#
    <dynamic prepend="">
        <isNotNull property="sg_id"><isNotEmpty property="sg_id" prepend=",">#sg_id#</isNotEmpty></isNotNull>
        <isNotNull property="sd_dept_id"><isNotEmpty property="sd_dept_id" prepend=",">#sd_dept_id#</isNotEmpty></isNotNull>
    </dynamic>
    );
    <selectKey resultClass="java.lang.String"  keyProperty="dg_id" >    
             SELECT last_insert_id() as dg_id;
    </selectKey>
  </insert>
  
  <!--update （twg）-->
  <update id="modify" parameterClass="java.util.HashMap">
    UPDATE sys_dept_group SET dg_id = #dg_id#
    <dynamic prepend="">
        <isNotNull property="sg_id"><isNotEmpty property="sg_id" prepend=",">sg_id = #sg_id#</isNotEmpty></isNotNull>
        <isNotNull property="sd_dept_id"><isNotEmpty property="sd_dept_id" prepend=",">sd_dept_id = #sd_dept_id#</isNotEmpty></isNotNull>
    </dynamic>
    WHERE dg_id = #dg_id#
  </update>

  <!--remove （twg）-->
  <update id="remove" parameterClass="java.util.HashMap">
  	DELETE FROM sys_dept_group WHERE sg_id = #sg_id#
  </update>
  
  
  <!--search （twg）-->
  <select id="queryGroupDept" parameterClass="java.util.HashMap" resultClass="java.util.HashMap" remapResults="true">
    SELECT sg.sg_id,sg.sg_name,sg.sg_num ,
	(SELECT GROUP_CONCAT(sd.dept_name) AS dept_names FROM sys_dept_group dg 
	LEFT JOIN mb_sys_dept sd ON dg.sd_dept_id=sd.dept_id
	WHERE sg.sg_id=dg.sg_id AND sd.is_delete='N'
	) AS dept_names
	FROM sys_group sg
	WHERE sg.sg_is_use='Y'
	GROUP BY sg.sg_id
  </select>
  
  <!--search （twg）-->
  <select id="queryDeptByGroup" parameterClass="java.util.HashMap" resultClass="java.util.HashMap" remapResults="true">
     SELECT sd.dept_id,sd.dept_name,sd.dept_code FROM sys_dept_group dg
	LEFT JOIN mb_sys_dept sd ON dg.sd_dept_id=sd.dept_id
	WHERE dg.sg_id IN ($groupIds$)
	GROUP BY sd.dept_id ORDER BY sd.dept_sort
  </select>
  
</sqlMap>  