<!DOCTYPE sqlMap PUBLIC "-//ibatis.apache.org//DTD SQL Map 2.0//EN" "http://ibatis.apache.org/dtd/sql-map-2.dtd">
<sqlMap namespace="user.sysUser">
  
  <!--搜索 （谭文广）-->
  <select id="query" parameterClass="java.util.HashMap" resultClass="java.util.HashMap" remapResults="true">
     SELECT user_id, user_type, password, real_name, sex, qq, work_qq, mobile_phone, work_phone, weixin_num, phone, 
     province, city, AREA, address, is_frozen, freezing_reasons, is_delete, create_user, create_time, join_time, leave_time ,
     channel_id, title_explain, user_email, sort ,
     (SELECT GROUP_CONCAT(sud.dept_id) AS dept_ids FROM mb_sys_user_dept sud WHERE sud.user_id=su.user_id) AS user_dept_ids
     FROM mb_sys_user su
     WHERE is_delete = 'N' 
     <dynamic prepend="">
       <isNotNull property="user_id">
          <isNotEmpty property="user_id" prepend="AND"> su.user_id = #user_id# </isNotEmpty>
       </isNotNull>
       <isNotNull property="user_type">
          <isNotEmpty property="user_type" prepend="AND"> user_type = #user_type# </isNotEmpty>
       </isNotNull>
       <isNotNull property="password">
          <isNotEmpty property="password" prepend="AND"> password = #password# </isNotEmpty>
       </isNotNull>
       <isNotNull property="real_name">
          <isNotEmpty property="real_name" prepend="AND"> real_name like '%$real_name$%' </isNotEmpty>
       </isNotNull>
       <isNotNull property="sex">
          <isNotEmpty property="sex" prepend="AND"> sex = #sex# </isNotEmpty>
       </isNotNull>
       <isNotNull property="qq">
          <isNotEmpty property="qq" prepend="AND"> qq = #qq# </isNotEmpty>
       </isNotNull>
       <isNotNull property="work_qq">
          <isNotEmpty property="work_qq" prepend="AND"> work_qq = #work_qq# </isNotEmpty>
       </isNotNull>
       <isNotNull property="mobile_phone">
          <isNotEmpty property="mobile_phone" prepend="AND"> mobile_phone = #mobile_phone# </isNotEmpty>
       </isNotNull>
       <isNotNull property="work_phone">
          <isNotEmpty property="work_phone" prepend="AND"> work_phone = #work_phone# </isNotEmpty>
       </isNotNull>
       <isNotNull property="weixin_num">
          <isNotEmpty property="weixin_num" prepend="AND"> weixin_num = #weixin_num# </isNotEmpty>
       </isNotNull>
       <isNotNull property="phone">
          <isNotEmpty property="phone" prepend="AND"> phone = #phone# </isNotEmpty>
       </isNotNull>
       <isNotNull property="province">
          <isNotEmpty property="province" prepend="AND"> province = #province# </isNotEmpty>
       </isNotNull>
       <isNotNull property="city">
          <isNotEmpty property="city" prepend="AND"> city = #city# </isNotEmpty>
       </isNotNull>
       <isNotNull property="area">
          <isNotEmpty property="area" prepend="AND"> area = #area# </isNotEmpty>
       </isNotNull>
       <isNotNull property="address">
          <isNotEmpty property="address" prepend="AND"> address = #address# </isNotEmpty>
       </isNotNull>
       <isNotNull property="is_frozen">
          <isNotEmpty property="is_frozen" prepend="AND"> is_frozen = #is_frozen# </isNotEmpty>
       </isNotNull>
       <isNotNull property="freezing_reasons">
          <isNotEmpty property="freezing_reasons" prepend="AND"> freezing_reasons = #freezing_reasons# </isNotEmpty>
       </isNotNull>
       <isNotNull property="is_delete">
          <isNotEmpty property="is_delete" prepend="AND"> is_delete = #is_delete# </isNotEmpty>
       </isNotNull>
       <isNotNull property="create_user">
          <isNotEmpty property="create_user" prepend="AND"> create_user = #create_user# </isNotEmpty>
       </isNotNull>
       <isNotNull property="create_time">
          <isNotEmpty property="create_time" prepend="AND"> create_time = #create_time# </isNotEmpty>
       </isNotNull>
       <isNotNull property="join_time">
          <isNotEmpty property="join_time" prepend="AND"> join_time = #join_time# </isNotEmpty>
       </isNotNull>
       <isNotNull property="leave_time">
          <isNotEmpty property="leave_time" prepend="AND"> leave_time = #leave_time# </isNotEmpty>
       </isNotNull>
       <isNotNull property="channel_id">
          <isNotEmpty property="channel_id" prepend="AND"> channel_id = #channel_id# </isNotEmpty>
       </isNotNull>
       <isNotNull property="account"><!-- 用于用户登录 -->
          <isNotEmpty property="account" prepend="AND"> (real_name = #account# or mobile_phone = #account#) </isNotEmpty>
       </isNotNull>
       <isNotNull property="login_user_id"><!-- 根据登录用户ID查询部门用户 -->
          <isNotEmpty property="login_user_id" prepend="AND"> su.user_id in (SELECT msud.user_id FROM mb_sys_user_dept msud 
		   WHERE msud.dept_id IN (SELECT ud.dept_id FROM mb_sys_user_dept ud WHERE ud.user_id = #login_user_id#)) 
		  </isNotEmpty>
       </isNotNull>
       <isNotNull property="search_dept_name"><!-- 根据部门名称模糊搜索部门用户 -->
          <isNotEmpty property="search_dept_name" prepend="AND"> su.user_id in (SELECT sud.user_id FROM mb_sys_user_dept sud 
          	LEFT JOIN mb_sys_dept sd ON sud.dept_id=sd.dept_id 
			WHERE sd.dept_name like '%$search_dept_name$%' AND sd.is_delete='N') 
		  </isNotEmpty>
       </isNotNull>
     </dynamic>
	 order by sort 
  </select>
  
  <!--创建 （谭文广）-->
  <insert id="create" parameterClass="java.util.HashMap">
    INSERT INTO mb_sys_user (user_id
    <dynamic prepend="">
        <isNotNull property="user_type">
	  <isNotEmpty property="user_type" prepend=",">user_type</isNotEmpty>
        </isNotNull>
        <isNotNull property="password">
	  <isNotEmpty property="password" prepend=",">password</isNotEmpty>
        </isNotNull>
        <isNotNull property="real_name">
	  <isNotEmpty property="real_name" prepend=",">real_name</isNotEmpty>
        </isNotNull>
        <isNotNull property="sex">
	  <isNotEmpty property="sex" prepend=",">sex</isNotEmpty>
        </isNotNull>
        <isNotNull property="qq">
	  <isNotEmpty property="qq" prepend=",">qq</isNotEmpty>
        </isNotNull>
        <isNotNull property="work_qq">
	  <isNotEmpty property="work_qq" prepend=",">work_qq</isNotEmpty>
        </isNotNull>
        <isNotNull property="mobile_phone">
	  <isNotEmpty property="mobile_phone" prepend=",">mobile_phone</isNotEmpty>
        </isNotNull>
        <isNotNull property="work_phone">
	  <isNotEmpty property="work_phone" prepend=",">work_phone</isNotEmpty>
        </isNotNull>
        <isNotNull property="weixin_num">
	  <isNotEmpty property="weixin_num" prepend=",">weixin_num</isNotEmpty>
        </isNotNull>
        <isNotNull property="phone">
	  <isNotEmpty property="phone" prepend=",">phone</isNotEmpty>
        </isNotNull>
        <isNotNull property="province">
	  <isNotEmpty property="province" prepend=",">province</isNotEmpty>
        </isNotNull>
        <isNotNull property="city">
	  <isNotEmpty property="city" prepend=",">city</isNotEmpty>
        </isNotNull>
        <isNotNull property="area">
	  <isNotEmpty property="area" prepend=",">area</isNotEmpty>
        </isNotNull>
        <isNotNull property="address">
	  <isNotEmpty property="address" prepend=",">address</isNotEmpty>
        </isNotNull>
        <isNotNull property="is_frozen">
	  <isNotEmpty property="is_frozen" prepend=",">is_frozen</isNotEmpty>
        </isNotNull>
        <isNotNull property="freezing_reasons">
	  <isNotEmpty property="freezing_reasons" prepend=",">freezing_reasons</isNotEmpty>
        </isNotNull>
        <isNotNull property="is_delete">
	  <isNotEmpty property="is_delete" prepend=",">is_delete</isNotEmpty>
        </isNotNull>
        <isNotNull property="create_user">
	  <isNotEmpty property="create_user" prepend=",">create_user</isNotEmpty>
        </isNotNull>
        <isNotNull property="create_time">
	  <isNotEmpty property="create_time" prepend=",">create_time</isNotEmpty>
        </isNotNull>
        <isNotNull property="join_time">
	  <isNotEmpty property="join_time" prepend=",">join_time</isNotEmpty>
        </isNotNull>
        <isNotNull property="leave_time">
	  <isNotEmpty property="leave_time" prepend=",">leave_time</isNotEmpty>
        </isNotNull>
        <isNotNull property="channel_id">
	  <isNotEmpty property="channel_id" prepend=",">channel_id</isNotEmpty>
        </isNotNull>
        <isNotNull property="title_explain">
	  <isNotEmpty property="title_explain" prepend=",">title_explain</isNotEmpty>
        </isNotNull>
        <isNotNull property="user_email">
	  <isNotEmpty property="user_email" prepend=",">user_email</isNotEmpty>
        </isNotNull>
        <isNotNull property="sort">
	  <isNotEmpty property="sort" prepend=",">sort</isNotEmpty>
        </isNotNull>
    </dynamic>
    ) VALUES (#user_id#
    <dynamic prepend="">
        <isNotNull property="user_type">
           <isNotEmpty property="user_type" prepend=",">#user_type#</isNotEmpty>
        </isNotNull>
        <isNotNull property="password">
           <isNotEmpty property="password" prepend=",">#password#</isNotEmpty>
        </isNotNull>
        <isNotNull property="real_name">
           <isNotEmpty property="real_name" prepend=",">#real_name#</isNotEmpty>
        </isNotNull>
        <isNotNull property="sex">
           <isNotEmpty property="sex" prepend=",">#sex#</isNotEmpty>
        </isNotNull>
        <isNotNull property="qq">
           <isNotEmpty property="qq" prepend=",">#qq#</isNotEmpty>
        </isNotNull>
        <isNotNull property="work_qq">
           <isNotEmpty property="work_qq" prepend=",">#work_qq#</isNotEmpty>
        </isNotNull>
        <isNotNull property="mobile_phone">
           <isNotEmpty property="mobile_phone" prepend=",">#mobile_phone#</isNotEmpty>
        </isNotNull>
        <isNotNull property="work_phone">
           <isNotEmpty property="work_phone" prepend=",">#work_phone#</isNotEmpty>
        </isNotNull>
        <isNotNull property="weixin_num">
           <isNotEmpty property="weixin_num" prepend=",">#weixin_num#</isNotEmpty>
        </isNotNull>
        <isNotNull property="phone">
           <isNotEmpty property="phone" prepend=",">#phone#</isNotEmpty>
        </isNotNull>
        <isNotNull property="province">
           <isNotEmpty property="province" prepend=",">#province#</isNotEmpty>
        </isNotNull>
        <isNotNull property="city">
           <isNotEmpty property="city" prepend=",">#city#</isNotEmpty>
        </isNotNull>
        <isNotNull property="area">
           <isNotEmpty property="area" prepend=",">#area#</isNotEmpty>
        </isNotNull>
        <isNotNull property="address">
           <isNotEmpty property="address" prepend=",">#address#</isNotEmpty>
        </isNotNull>
        <isNotNull property="is_frozen">
           <isNotEmpty property="is_frozen" prepend=",">#is_frozen#</isNotEmpty>
        </isNotNull>
        <isNotNull property="freezing_reasons">
           <isNotEmpty property="freezing_reasons" prepend=",">#freezing_reasons#</isNotEmpty>
        </isNotNull>
        <isNotNull property="is_delete">
           <isNotEmpty property="is_delete" prepend=",">#is_delete#</isNotEmpty>
        </isNotNull>
        <isNotNull property="create_user">
           <isNotEmpty property="create_user" prepend=",">#create_user#</isNotEmpty>
        </isNotNull>
        <isNotNull property="create_time">
           <isNotEmpty property="create_time" prepend=",">#create_time#</isNotEmpty>
        </isNotNull>
        <isNotNull property="join_time">
           <isNotEmpty property="join_time" prepend=",">#join_time#</isNotEmpty>
        </isNotNull>
        <isNotNull property="leave_time">
           <isNotEmpty property="leave_time" prepend=",">#leave_time#</isNotEmpty>
        </isNotNull>
        <isNotNull property="channel_id">
           <isNotEmpty property="channel_id" prepend=",">#channel_id#</isNotEmpty>
        </isNotNull>
        <isNotNull property="title_explain">
           <isNotEmpty property="title_explain" prepend=",">#title_explain#</isNotEmpty>
        </isNotNull>
        <isNotNull property="user_email">
           <isNotEmpty property="user_email" prepend=",">#user_email#</isNotEmpty>
        </isNotNull>
        <isNotNull property="sort">
           <isNotEmpty property="sort" prepend=",">#sort#</isNotEmpty>
        </isNotNull>
    </dynamic>
    )
  </insert>
  
  <!--修改 （谭文广）-->
  <update id="modify" parameterClass="java.util.HashMap">
    UPDATE mb_sys_user SET user_id = #user_id#
    <dynamic prepend="">
        <isNotNull property="user_type">
           <isNotEmpty property="user_type" prepend=",">user_type = #user_type#</isNotEmpty>
        </isNotNull>
        <isNotNull property="password">
           <isNotEmpty property="password" prepend=",">password = #password#</isNotEmpty>
        </isNotNull>
        <isNotNull property="real_name">
           <isNotEmpty property="real_name" prepend=",">real_name = #real_name#</isNotEmpty>
        </isNotNull>
        <isNotNull property="sex">
           <isNotEmpty property="sex" prepend=",">sex = #sex#</isNotEmpty>
        </isNotNull>
        <isNotNull property="qq">
           <isNotEmpty property="qq" prepend=",">qq = #qq#</isNotEmpty>
        </isNotNull>
        <isNotNull property="work_qq">
           <isNotEmpty property="work_qq" prepend=",">work_qq = #work_qq#</isNotEmpty>
        </isNotNull>
        <isNotNull property="mobile_phone">
           <isNotEmpty property="mobile_phone" prepend=",">mobile_phone = #mobile_phone#</isNotEmpty>
        </isNotNull>
        <isNotNull property="work_phone">
           <isNotEmpty property="work_phone" prepend=",">work_phone = #work_phone#</isNotEmpty>
        </isNotNull>
        <isNotNull property="weixin_num">
           <isNotEmpty property="weixin_num" prepend=",">weixin_num = #weixin_num#</isNotEmpty>
        </isNotNull>
        <isNotNull property="phone">
           <isNotEmpty property="phone" prepend=",">phone = #phone#</isNotEmpty>
        </isNotNull>
        <isNotNull property="province">
           <isNotEmpty property="province" prepend=",">province = #province#</isNotEmpty>
        </isNotNull>
        <isNotNull property="city">
           <isNotEmpty property="city" prepend=",">city = #city#</isNotEmpty>
        </isNotNull>
        <isNotNull property="area">
           <isNotEmpty property="area" prepend=",">area = #area#</isNotEmpty>
        </isNotNull>
        <isNotNull property="address">
           <isNotEmpty property="address" prepend=",">address = #address#</isNotEmpty>
        </isNotNull>
        <isNotNull property="is_frozen">
           <isNotEmpty property="is_frozen" prepend=",">is_frozen = #is_frozen#</isNotEmpty>
        </isNotNull>
        <isNotNull property="freezing_reasons">
           <isNotEmpty property="freezing_reasons" prepend=",">freezing_reasons = #freezing_reasons#</isNotEmpty>
        </isNotNull>
        <isNotNull property="is_delete">
           <isNotEmpty property="is_delete" prepend=",">is_delete = #is_delete#</isNotEmpty>
        </isNotNull>
        <isNotNull property="create_user">
           <isNotEmpty property="create_user" prepend=",">create_user = #create_user#</isNotEmpty>
        </isNotNull>
        <isNotNull property="create_time">
           <isNotEmpty property="create_time" prepend=",">create_time = #create_time#</isNotEmpty>
        </isNotNull>
        <isNotNull property="join_time">
           <isNotEmpty property="join_time" prepend=",">join_time = #join_time#</isNotEmpty>
        </isNotNull>
        <isNotNull property="leave_time">
           <isNotEmpty property="leave_time" prepend=",">leave_time = #leave_time#</isNotEmpty>
        </isNotNull>
        <isNotNull property="channel_id">
           <isNotEmpty property="channel_id" prepend=",">channel_id = #channel_id#</isNotEmpty>
        </isNotNull>
        <isNotNull property="title_explain">
           <isNotEmpty property="title_explain" prepend=",">title_explain = #title_explain#</isNotEmpty>
        </isNotNull>
        <isNotNull property="user_email">
           <isNotEmpty property="user_email" prepend=",">user_email = #user_email#</isNotEmpty>
        </isNotNull>
        <isNotNull property="sort">
           <isNotEmpty property="sort" prepend=",">sort = #sort#</isNotEmpty>
        </isNotNull>
    </dynamic>
    WHERE user_id = #user_id#
  </update>

  <!--删除 （谭文广）-->
  <update id="remove" parameterClass="java.util.HashMap">
    <!-- DELETE FROM mb_sys_user WHERE user_id = #user_id# -->
    update mb_sys_user set is_delete='Y' WHERE user_id = #user_id# 
  </update>
  
  <!--查询用户其他关联信息（谭文广）-->
  <select id="queryUserOtherInfo" parameterClass="java.util.HashMap" resultClass="java.util.HashMap" remapResults="true">
     SELECT su.*,
	(SELECT GROUP_CONCAT(sd.dept_name) AS dept_names FROM mb_sys_user_dept sud
	LEFT JOIN mb_sys_dept sd ON sud.dept_id=sd.dept_id
	WHERE sud.user_id=su.user_id) AS dept_names,
	(SELECT GROUP_CONCAT(sr.role_name) AS role_names FROM mb_sys_user_role sur
	LEFT JOIN mb_sys_role sr ON sur.role_id=sr.role_id
	WHERE sur.user_id=su.user_id order by sr.role_index ) AS role_names
	FROM mb_sys_user su
	WHERE su.is_delete = 'N' AND su.user_type = 'A' 
     <dynamic prepend="">
       <isNotNull property="user_id">
          <isNotEmpty property="user_id" prepend="AND"> su.user_id = #user_id# </isNotEmpty>
       </isNotNull>
       <isNotNull property="real_name">
          <isNotEmpty property="real_name" prepend="AND"> su.real_name = #real_name# </isNotEmpty>
       </isNotNull>
       <isNotNull property="user_type">
          <isNotEmpty property="user_type" prepend="AND"> su.user_type = #user_type# </isNotEmpty>
       </isNotNull>
       <isNotNull property="is_frozen">
          <isNotEmpty property="is_frozen" prepend="AND"> su.is_frozen = #is_frozen# </isNotEmpty>
       </isNotNull>
       <isNotNull property="role_id">
          <isNotEmpty property="role_id" prepend="AND"> sr.role_id = #role_id# </isNotEmpty>
       </isNotNull>
     </dynamic>
     order by su.sort
  </select>
  
  <!--根据用户ID查询用户菜单（谭文广）-->
  <select id="queryUserMenu" parameterClass="java.util.HashMap" resultClass="java.util.HashMap" remapResults="true">
	SELECT sm.*,smo.is_menu_opt,smo.menuopt_id,smo.opt_name,sr.role_id,sr.role_name,smo.opt_code 
	FROM mb_sys_menu sm 
	LEFT JOIN mb_sys_menuopt smo ON sm.menu_id=smo.menu_id 
	LEFT JOIN mb_sys_role_menuopt srm ON smo.menuopt_id=srm.menuopt_id
	LEFT JOIN mb_sys_role sr ON sr.role_id=srm.role_id
	WHERE sm.is_delete='N' AND smo.is_delete='N' AND smo.is_menu_opt='Y' AND
	srm.role_id IN (
	SELECT sur.role_id FROM mb_sys_user_role sur WHERE sur.user_id = #user_id#) 
	<dynamic prepend="">
      <isNotNull property="menu_type">
         <isNotEmpty property="menu_type" prepend="AND"> sm.menu_type = #menu_type# </isNotEmpty>
      </isNotNull>
    </dynamic>
    GROUP BY sm.menu_id,smo.menuopt_id
 	ORDER BY sm.menu_level,sm.menu_sequence
  </select>
  
  <!--根据channel_id取消所有已绑定用户 （谭文广）-->
  <update id="removeUserByChannelId" parameterClass="java.util.HashMap">
    UPDATE mb_sys_user SET channel_id = 'no' WHERE channel_id = #channel_id# 
  </update>
  
</sqlMap>  