<!DOCTYPE sqlMap PUBLIC "-//ibatis.apache.org//DTD SQL Map 2.0//EN" "http://ibatis.apache.org/dtd/sql-map-2.dtd">
<sqlMap namespace="user.sysRole">
  
  <!--搜索 （谭文广）-->
  <select id="query" parameterClass="java.util.HashMap" resultClass="java.util.HashMap" remapResults="true">
    SELECT sr.role_id, sr.dept_id,msd.dept_name, sr.role_name, sr.role_code, sr.parent_id, 
    sr.role_type, sr.is_delete, sr.create_time,sr.role_index
	FROM mb_sys_role sr 
	LEFT JOIN mb_sys_dept msd ON sr.dept_id=msd.dept_id
	WHERE 1 = 1 
     <dynamic prepend="">
       <isNotNull property="role_id">
          <isNotEmpty property="role_id" prepend="AND"> sr.role_id = #role_id# </isNotEmpty>
       </isNotNull>
       <isNotNull property="dept_id">
          <isNotEmpty property="dept_id" prepend="AND"> sr.dept_id = #dept_id# </isNotEmpty>
       </isNotNull>
       <isNotNull property="role_name">
          <isNotEmpty property="role_name" prepend="AND"> sr.role_name = #role_name# </isNotEmpty>
       </isNotNull>
       <isNotNull property="role_code">
          <isNotEmpty property="role_code" prepend="AND"> sr.role_code = #role_code# </isNotEmpty>
       </isNotNull>
       <isNotNull property="parent_id">
          <isNotEmpty property="parent_id" prepend="AND"> sr.parent_id = #parent_id# </isNotEmpty>
       </isNotNull>
       <isNotNull property="role_type">
          <isNotEmpty property="role_type" prepend="AND"> sr.role_type = #role_type# </isNotEmpty>
       </isNotNull>
       <isNotNull property="is_delete">
          <isNotEmpty property="is_delete" prepend="AND"> sr.is_delete = #is_delete# </isNotEmpty>
       </isNotNull>
       <isNotNull property="create_time">
          <isNotEmpty property="create_time" prepend="AND"> sr.create_time = #create_time# </isNotEmpty>
       </isNotNull>
       <isNotNull property="login_user_id"><!-- 用户所有部门所所对应的所有角色 -->
          <isNotEmpty property="login_user_id" prepend="AND"> sr.dept_id in (SELECT msud.dept_id FROM mb_sys_user_dept msud WHERE msud.user_id = #login_user_id#) </isNotEmpty>
       </isNotNull>
     </dynamic>
	 order by msd.dept_sort,sr.role_index
  </select>
  
  <!--创建 （谭文广）-->
  <insert id="create" parameterClass="java.util.HashMap">
    INSERT INTO mb_sys_role (role_id
    <dynamic prepend="">
    	<isNotNull property="dept_id">
	  <isNotEmpty property="dept_id" prepend=",">dept_id</isNotEmpty>
        </isNotNull>
        <isNotNull property="role_name">
	  <isNotEmpty property="role_name" prepend=",">role_name</isNotEmpty>
        </isNotNull>
        <isNotNull property="role_code">
	  <isNotEmpty property="role_code" prepend=",">role_code</isNotEmpty>
        </isNotNull>
        <isNotNull property="parent_id">
	  <isNotEmpty property="parent_id" prepend=",">parent_id</isNotEmpty>
        </isNotNull>
        <isNotNull property="role_type">
	  <isNotEmpty property="role_type" prepend=",">role_type</isNotEmpty>
        </isNotNull>
        <isNotNull property="is_delete">
	  <isNotEmpty property="is_delete" prepend=",">is_delete</isNotEmpty>
        </isNotNull>
        <isNotNull property="create_time">
	  <isNotEmpty property="create_time" prepend=",">create_time</isNotEmpty>
        </isNotNull>
        <isNotNull property="role_index">
	  <isNotEmpty property="role_index" prepend=",">role_index</isNotEmpty>
        </isNotNull>
    </dynamic>
    ) VALUES (#role_id#
    <dynamic prepend="">
    	<isNotNull property="dept_id">
           <isNotEmpty property="dept_id" prepend=",">#dept_id#</isNotEmpty>
        </isNotNull>
        <isNotNull property="role_name">
           <isNotEmpty property="role_name" prepend=",">#role_name#</isNotEmpty>
        </isNotNull>
        <isNotNull property="role_code">
           <isNotEmpty property="role_code" prepend=",">#role_code#</isNotEmpty>
        </isNotNull>
        <isNotNull property="parent_id">
           <isNotEmpty property="parent_id" prepend=",">#parent_id#</isNotEmpty>
        </isNotNull>
        <isNotNull property="role_type">
           <isNotEmpty property="role_type" prepend=",">#role_type#</isNotEmpty>
        </isNotNull>
        <isNotNull property="is_delete">
           <isNotEmpty property="is_delete" prepend=",">#is_delete#</isNotEmpty>
        </isNotNull>
        <isNotNull property="create_time">
           <isNotEmpty property="create_time" prepend=",">#create_time#</isNotEmpty>
        </isNotNull>
        <isNotNull property="role_index">
           <isNotEmpty property="role_index" prepend=",">#role_index#</isNotEmpty>
        </isNotNull>
    </dynamic>
    )
  </insert>
  
  <!--修改 （谭文广）-->
  <update id="modify" parameterClass="java.util.HashMap">
    UPDATE mb_sys_role SET role_id = #role_id#
    <dynamic prepend="">
    	<isNotNull property="dept_id">
           <isNotEmpty property="dept_id" prepend=",">dept_id = #dept_id#</isNotEmpty>
        </isNotNull>
        <isNotNull property="role_name">
           <isNotEmpty property="role_name" prepend=",">role_name = #role_name#</isNotEmpty>
        </isNotNull>
        <isNotNull property="role_code">
           <isNotEmpty property="role_code" prepend=",">role_code = #role_code#</isNotEmpty>
        </isNotNull>
        ,parent_id = #parent_id#
        <isNotNull property="role_type">
           <isNotEmpty property="role_type" prepend=",">role_type = #role_type#</isNotEmpty>
        </isNotNull>
        <isNotNull property="is_delete">
           <isNotEmpty property="is_delete" prepend=",">is_delete = #is_delete#</isNotEmpty>
        </isNotNull>
        <isNotNull property="create_time">
           <isNotEmpty property="create_time" prepend=",">create_time = #create_time#</isNotEmpty>
        </isNotNull>
        <isNotNull property="role_index">
           <isNotEmpty property="role_index" prepend=",">role_index = #role_index#</isNotEmpty>
        </isNotNull>
    </dynamic>
    WHERE role_id = #role_id#
  </update>

  <!--删除 （谭文广）-->
  <update id="remove" parameterClass="java.util.HashMap">
    <!-- DELETE FROM mb_sys_role WHERE role_id = #role_id# -->
    update mb_sys_role set is_delete='Y' WHERE role_id = #role_id# 
  </update>
  
  <!--搜索 （谭文广）-->
  <select id="queryRoleOtherInfo" parameterClass="java.util.HashMap" resultClass="java.util.HashMap" remapResults="true">
     SELECT sr.*,sro.role_name as parent_name,msd.dept_name FROM mb_sys_role sr 
	 LEFT JOIN mb_sys_role sro ON sro.role_id=sr.parent_id 
	 LEFT JOIN mb_sys_dept msd ON sr.dept_id=msd.dept_id 
     WHERE sr.is_delete = 'N' 
     <dynamic prepend="">
       <isNotNull property="role_id">
          <isNotEmpty property="role_id" prepend="AND"> sr.role_id = #role_id# </isNotEmpty>
       </isNotNull>
       <isNotNull property="dept_id">
          <isNotEmpty property="dept_id" prepend="AND"> sr.dept_id = #dept_id# </isNotEmpty>
       </isNotNull>
       <isNotNull property="role_name">
          <isNotEmpty property="role_name" prepend="AND"> sr.role_name = #role_name# </isNotEmpty>
       </isNotNull>
       <isNotNull property="role_code">
          <isNotEmpty property="role_code" prepend="AND"> sr.role_code = #role_code# </isNotEmpty>
       </isNotNull>
       <isNotNull property="parent_id">
          <isNotEmpty property="parent_id" prepend="AND"> sr.parent_id = #parent_id# </isNotEmpty>
       </isNotNull>
       <isNotNull property="role_type">
          <isNotEmpty property="role_type" prepend="AND"> sr.role_type = #role_type# </isNotEmpty>
       </isNotNull>
       <isNotNull property="is_delete">
          <isNotEmpty property="is_delete" prepend="AND"> sr.is_delete = #is_delete# </isNotEmpty>
       </isNotNull>
       <isNotNull property="login_user_id"><!-- 用户所有部门所所对应的所有角色 -->
          <isNotEmpty property="login_user_id" prepend="AND"> sr.dept_id in (SELECT msud.dept_id FROM mb_sys_user_dept msud WHERE msud.user_id = #login_user_id#) </isNotEmpty>
       </isNotNull>
     </dynamic>
     order by msd.dept_sort ,sr.role_index 
  </select>
  
  <!--根据角色ID查询角色与菜单关联信息（谭文广）-->
  <select id="queryRoleAndMenuOpt" parameterClass="java.util.HashMap" resultClass="java.util.HashMap" remapResults="true">
     SELECT role_id,menuopt_id FROM mb_sys_role_menuopt WHERE role_id = #role_id# 
  </select>
  
  <!--批量添加角色与菜单关联信息（角色授权） （谭文广）-->
  <insert id="insertRoleAndMenuOpt" parameterClass="java.util.HashMap">
    INSERT INTO mb_sys_role_menuopt (role_menuopt_id,role_id,menuopt_id) VALUES (#role_menuopt_id#,#role_id#,#menuopt_id#) 
  </insert>
  <!--批量删除角色与菜单关联信息 （谭文广）-->
  <update id="delRoleAndMenuOpt" parameterClass="java.util.HashMap">
    DELETE FROM mb_sys_role_menuopt WHERE role_id = #role_id# 
  </update>
  
</sqlMap>  