<!DOCTYPE sqlMap PUBLIC "-//ibatis.apache.org//DTD SQL Map 2.0//EN" "http://ibatis.apache.org/dtd/sql-map-2.dtd">
<sqlMap namespace="user.sysGroup">
  
  <!--search （twg）-->
  <select id="query" parameterClass="java.util.HashMap" resultClass="java.util.HashMap" remapResults="true">
     SELECT sg.sg_id, sg.sg_name, sg.sg_num, sg.sg_explain, sg.sg_is_use ,
	(SELECT GROUP_CONCAT(sd.dept_name) AS dept_names 
	FROM sys_dept_group dg 
	INNER JOIN mb_sys_dept sd ON sd.dept_id=dg.sd_dept_id
	WHERE dg.sg_id=sg.sg_id ) AS dept_names
	FROM sys_group sg 
     WHERE 1 = 1
     <dynamic prepend="">
       <isNotNull property="sg_id"><isNotEmpty property="sg_id" prepend="AND"> sg.sg_id = #sg_id# </isNotEmpty></isNotNull>
       <isNotNull property="sg_name"><isNotEmpty property="sg_name" prepend="AND"> sg_name = #sg_name# </isNotEmpty></isNotNull>
       <isNotNull property="sg_num"><isNotEmpty property="sg_num" prepend="AND"> sg_num = #sg_num# </isNotEmpty></isNotNull>
       <isNotNull property="sg_explain"><isNotEmpty property="sg_explain" prepend="AND"> sg_explain = #sg_explain# </isNotEmpty></isNotNull>
       <isNotNull property="sg_is_use"><isNotEmpty property="sg_is_use" prepend="AND"> sg_is_use = #sg_is_use# </isNotEmpty></isNotNull>
     </dynamic>
  </select>
  
  <!--create （twg）-->
  <insert id="create" parameterClass="java.util.HashMap">
    INSERT INTO sys_group (sg_id
    <dynamic prepend="">
        <isNotNull property="sg_name"><isNotEmpty property="sg_name" prepend=",">sg_name</isNotEmpty></isNotNull>
        <isNotNull property="sg_num"><isNotEmpty property="sg_num" prepend=",">sg_num</isNotEmpty></isNotNull>
        <isNotNull property="sg_explain"><isNotEmpty property="sg_explain" prepend=",">sg_explain</isNotEmpty></isNotNull>
        <isNotNull property="sg_is_use"><isNotEmpty property="sg_is_use" prepend=",">sg_is_use</isNotEmpty></isNotNull>
    </dynamic>
    ) VALUES (#sg_id#
    <dynamic prepend="">
        <isNotNull property="sg_name"><isNotEmpty property="sg_name" prepend=",">#sg_name#</isNotEmpty></isNotNull>
        <isNotNull property="sg_num"><isNotEmpty property="sg_num" prepend=",">#sg_num#</isNotEmpty></isNotNull>
        <isNotNull property="sg_explain"><isNotEmpty property="sg_explain" prepend=",">#sg_explain#</isNotEmpty></isNotNull>
        <isNotNull property="sg_is_use"><isNotEmpty property="sg_is_use" prepend=",">#sg_is_use#</isNotEmpty></isNotNull>
    </dynamic>
    );
    <selectKey resultClass="java.lang.String"  keyProperty="sg_id" >    
             SELECT last_insert_id() as sg_id;
    </selectKey>
  </insert>
  
  <!--update （twg）-->
  <update id="modify" parameterClass="java.util.HashMap">
    UPDATE sys_group SET sg_id = #sg_id#
    <dynamic prepend="">
        <isNotNull property="sg_name"><isNotEmpty property="sg_name" prepend=",">sg_name = #sg_name#</isNotEmpty></isNotNull>
        <isNotNull property="sg_num"><isNotEmpty property="sg_num" prepend=",">sg_num = #sg_num#</isNotEmpty></isNotNull>
        <isNotNull property="sg_explain"><isNotEmpty property="sg_explain" prepend=",">sg_explain = #sg_explain#</isNotEmpty></isNotNull>
        <isNotNull property="sg_is_use"><isNotEmpty property="sg_is_use" prepend=",">sg_is_use = #sg_is_use#</isNotEmpty></isNotNull>
    </dynamic>
    WHERE sg_id = #sg_id#
  </update>

  <!--remove （twg）-->
  <update id="remove" parameterClass="java.util.HashMap">
  	DELETE FROM sys_group WHERE sg_id = #sg_id#
  </update>
</sqlMap>  