<!DOCTYPE sqlMap PUBLIC "-//ibatis.apache.org//DTD SQL Map 2.0//EN" "http://ibatis.apache.org/dtd/sql-map-2.dtd">
<sqlMap namespace="user.sysUserRole">
  
  <!--搜索 （谭文广）-->
  <select id="query" parameterClass="java.util.HashMap" resultClass="java.util.HashMap" remapResults="true">
     SELECT user_role_id, user_id, role_id FROM mb_sys_user_role WHERE 1 = 1
     <dynamic prepend="">
       <isNotNull property="user_role_id">
          <isNotEmpty property="user_role_id" prepend="AND"> user_role_id = #user_role_id# </isNotEmpty>
       </isNotNull>
       <isNotNull property="user_id">
          <isNotEmpty property="user_id" prepend="AND"> user_id = #user_id# </isNotEmpty>
       </isNotNull>
       <isNotNull property="role_id">
          <isNotEmpty property="role_id" prepend="AND"> role_id = #role_id# </isNotEmpty>
       </isNotNull>
     </dynamic>
  </select>
  
  <!--创建 （谭文广）-->
  <insert id="create" parameterClass="java.util.HashMap">
    INSERT INTO mb_sys_user_role (user_role_id
    <dynamic prepend="">
        <isNotNull property="user_id">
	  <isNotEmpty property="user_id" prepend=",">user_id</isNotEmpty>
        </isNotNull>
        <isNotNull property="role_id">
	  <isNotEmpty property="role_id" prepend=",">role_id</isNotEmpty>
        </isNotNull>
    </dynamic>
    ) VALUES (#user_role_id#
    <dynamic prepend="">
        <isNotNull property="user_id">
           <isNotEmpty property="user_id" prepend=",">#user_id#</isNotEmpty>
        </isNotNull>
        <isNotNull property="role_id">
           <isNotEmpty property="role_id" prepend=",">#role_id#</isNotEmpty>
        </isNotNull>
    </dynamic>
    )
  </insert>
  
  <!--修改 （谭文广）-->
  <update id="modify" parameterClass="java.util.HashMap">
    UPDATE mb_sys_user_role SET user_role_id = #user_role_id#
    <dynamic prepend="">
        <isNotNull property="user_id">
           <isNotEmpty property="user_id" prepend=",">user_id = #user_id#</isNotEmpty>
        </isNotNull>
        <isNotNull property="role_id">
           <isNotEmpty property="role_id" prepend=",">role_id = #role_id#</isNotEmpty>
        </isNotNull>
    </dynamic>
    WHERE user_role_id = #user_role_id#
  </update>

  <!--删除 （谭文广）-->
  <update id="remove" parameterClass="java.util.HashMap">
    DELETE FROM mb_sys_user_role WHERE user_role_id = #user_role_id#
  </update>
  
  <!--根据用户ID删除用户与角色关联信息 （谭文广）-->
  <update id="removeUserRole" parameterClass="java.util.HashMap">
    DELETE FROM mb_sys_user_role WHERE user_id = #user_id#
  </update>
  
</sqlMap>  