<?xml version="1.0" encoding="UTF-8"?>
<beans xmlns="http://www.springframework.org/schema/beans"
	xmlns:task="http://www.springframework.org/schema/task"
	xmlns:aop="http://www.springframework.org/schema/aop" xmlns:tx="http://www.springframework.org/schema/tx"
	xmlns:xsi="http://www.w3.org/2001/XMLSchema-instance" xmlns:p="http://www.springframework.org/schema/p"
	xmlns:context="http://www.springframework.org/schema/context"
	xsi:schemaLocation="http://www.springframework.org/schema/aop 
    http://www.springframework.org/schema/aop/spring-aop-3.2.xsd
    http://www.springframework.org/schema/tx
	http://www.springframework.org/schema/tx/spring-tx-3.2.xsd 
	http://www.springframework.org/schema/context
    http://www.springframework.org/schema/context/spring-context-3.2.xsd
    http://www.springframework.org/schema/task
    http://www.springframework.org/schema/task/spring-task-3.0.xsd
    http://www.springframework.org/schema/beans
    http://www.springframework.org/schema/beans/spring-beans-3.2.xsd">
    
	<!-- 自动扫描组件，这里要把controler下面的 controller去除，他们是在spring3-servlet.xml中配置的，如果不去除会影响事务管理的。   -->
	 <context:component-scan base-package="com.qian.appinterface" />
	 <context:component-scan base-package="com.qian.module" />
	
    <context:annotation-config />

	<bean id="mappings" class="org.springframework.beans.factory.config.PropertyPlaceholderConfigurer">
		<property name="locations" value="classpath:properties/database.properties"></property>
	</bean>

	<bean id="dataSource" class="org.apache.commons.dbcp.BasicDataSource" destroy-method="close">
		<property name="driverClassName"><value>${database.mysql.driverClass}</value></property>  
		<property name="url"><value>${database.mysql.jdbcUrl}</value></property>  
		<property name="username"><value>${database.mysql.user}</value></property>  
		<property name="password"><value>${database.mysql.password}</value></property> 
		
		<property name="maxActive" value="50" />
		<property name="minIdle" value="5" />
		<property name="maxIdle" value="20" />
		<property name="maxWait" value="500" />
		<property name="defaultAutoCommit" value="true" />
		<property name="removeAbandoned" value="true" />
		<property name="removeAbandonedTimeout" value="60" />
	</bean>

	<!-- ibatis -->
	<bean id="lobHandler" class="org.springframework.jdbc.support.lob.DefaultLobHandler"/>
	<bean id="sqlMapClientFactory" class="org.springframework.orm.ibatis.SqlMapClientFactoryBean">
		<property name="dataSource">
			<ref local="dataSource" />
		</property>
		<property name="configLocation">
			<value>classpath:config/sqlmap-config.xml</value>
		</property>
		<property name="lobHandler" ref="lobHandler"/>
	</bean>
	<bean id="sqlMapClientTemplate"	class="org.springframework.orm.ibatis.SqlMapClientTemplate">
		<property name="sqlMapClient">
			<ref local="sqlMapClientFactory" />
		</property>
	</bean>
	
	<task:scheduled-tasks>
		<task:scheduled ref="weiXinUtilAction" method="refreshAccessToken" cron="0 0 0/1 * * ?"/><!-- 定时获取并刷新微信access_token -->
		<task:scheduled ref="taskReminderAction" method="deptTask" cron="0 0 9 * * ?"/>
		<!-- 
		<task:scheduled ref="jlUserEventScoreAction" method="remainingScoreStatistics" cron="30 59 23 ? * SUN"/> 每周日23:59:30（每周倒扣分）
		 --> 
	</task:scheduled-tasks>
	

</beans>