<?xml version="1.0" encoding="UTF-8"?>
<beans xmlns="http://www.springframework.org/schema/beans"
	xmlns:aop="http://www.springframework.org/schema/aop" xmlns:tx="http://www.springframework.org/schema/tx"
	xmlns:xsi="http://www.w3.org/2001/XMLSchema-instance" xmlns:p="http://www.springframework.org/schema/p"
	xmlns:context="http://www.springframework.org/schema/context"
	xsi:schemaLocation="http://www.springframework.org/schema/aop 
    http://www.springframework.org/schema/aop/spring-aop-3.2.xsd
    http://www.springframework.org/schema/tx
	http://www.springframework.org/schema/tx/spring-tx-3.2.xsd 
	http://www.springframework.org/schema/context
    http://www.springframework.org/schema/context/spring-context-3.2.xsd
    http://www.springframework.org/schema/beans
    http://www.springframework.org/schema/beans/spring-beans-3.2.xsd">
    
	<!-- 配置事务管理器 -->
	<bean id="transactionManager" class="org.springframework.jdbc.datasource.DataSourceTransactionManager">
		<property name="dataSource" ref="dataSource" />
	</bean>

	<!-- 注解方式配置事物 -->
	<!-- <tx:annotation-driven transaction-manager="transactionManager" /> -->

	<!-- 拦截器方式配置事物 -->
	<tx:advice id="transactionAdvice" transaction-manager="transactionManager">
	    <tx:attributes>  
	        <tx:method name="save*" propagation="REQUIRED" isolation="REPEATABLE_READ"/>
	        <tx:method name="create*" propagation="REQUIRED" isolation="REPEATABLE_READ"/>    
	        <tx:method name="insert*" propagation="REQUIRED" isolation="REPEATABLE_READ"/>
	        <tx:method name="add*" propagation="REQUIRED" isolation="REPEATABLE_READ"/>  
	        <tx:method name="update*" propagation="REQUIRED" isolation="REPEATABLE_READ"/>
	        <tx:method name="modify*" propagation="REQUIRED" isolation="REPEATABLE_READ"/>
	        <tx:method name="edit*" propagation="REQUIRED" isolation="REPEATABLE_READ"/>
	        <tx:method name="delete*" propagation="REQUIRED" isolation="REPEATABLE_READ"/>
	        <tx:method name="remove*" propagation="REQUIRED" isolation="REPEATABLE_READ"/>  
	        <tx:method name="select*" read-only="true" propagation="REQUIRED"/>  
	        <tx:method name="find*" read-only="true" propagation="REQUIRED"/>
	        <tx:method name="get*" read-only="true" propagation="REQUIRED"/>
	        <tx:method name="search*" read-only="true" propagation="REQUIRED"/>
	        <tx:method name="*" read-only="true"/>
	    </tx:attributes>  
	  </tx:advice>

	<bean id="baseTransactionProxy" abstract="true" class="org.springframework.transaction.interceptor.TransactionProxyFactoryBean">  
	    <property name="transactionManager">  
	      <ref bean="transactionManager"/>  
	    </property>  
	    <property name="transactionAttributes">  
	      <props>  
	        <prop key="save*">PROPAGATION_REQUIRED</prop>  
	        <prop key="create*">PROPAGATION_REQUIRED</prop>
	        <prop key="insert*">PROPAGATION_REQUIRED</prop>
	        <prop key="add*">PROPAGATION_REQUIRED</prop>
	        <prop key="update*">PROPAGATION_REQUIRED</prop>
	        <prop key="modify*">PROPAGATION_REQUIRED</prop>
	        <prop key="edit*">PROPAGATION_REQUIRED</prop>
	        <prop key="delete*">PROPAGATION_REQUIRED</prop>
	        <prop key="remove*">PROPAGATION_REQUIRED</prop>
	        <prop key="*">PROPAGATION_REQUIRED,readOnly</prop>    
	      </props>     
	    </property>  
	  </bean>	

	<aop:config>
		<aop:pointcut id="transactionPointcut" expression="execution(* com.qian.module.*.service.impl.*ServiceImpl.*(..))" />
		<aop:advisor advice-ref="transactionAdvice" pointcut-ref="transactionPointcut" />
	</aop:config>
	
	<aop:config>
		<aop:pointcut id="transactionPointcutApp" expression="execution(* com.qian.appinterface.*.service.impl.*ServiceImpl.*(..))" />
		<aop:advisor advice-ref="transactionAdvice" pointcut-ref="transactionPointcutApp" />
	</aop:config>
	
</beans>