<?xml version="1.0" encoding="UTF-8"?>
<!DOCTYPE sqlMapConfig      
    PUBLIC "-//ibatis.apache.org//DTD SQL Map Config 2.0//EN"      
    "http://ibatis.apache.org/dtd/sql-map-config-2.dtd">
 
<sqlMapConfig>
	<settings useStatementNamespaces="true" />
	<!-- APP版本信息 -->
	<sqlMap resource="com/qian/module/appversion/dao/app_version_up.xml" />
	<!-- 用户管理模块mb_sys_user -->
	<sqlMap resource="com/qian/module/user/dao/sys_user.xml" />
	<!-- 角色管理模块mb_sys_user -->
	<sqlMap resource="com/qian/module/user/dao/sys_role.xml" />
	<!-- 部门管理模块 -->
	<sqlMap resource="com/qian/module/user/dao/mb_sys_dept.xml" />
	<!-- 群组管理 -->
	<sqlMap resource="com/qian/module/user/dao/sys_group.xml" />
	<!-- 部门群组管理 -->
	<sqlMap resource="com/qian/module/user/dao/sys_dept_group.xml" />
	<!-- 用户部门管理模块 -->
	<sqlMap resource="com/qian/module/user/dao/mb_sys_user_dept.xml" />
	<!-- 用户与角色关联信息管理模块mb_sys_user_role -->
	<sqlMap resource="com/qian/module/user/dao/sys_user_role.xml" />
	<!-- 系统菜单管理模块 -->
	<sqlMap resource="com/qian/module/menu/dao/sys_menu.xml" />
	<!-- 系统菜单操作管理模块 -->
	<sqlMap resource="com/qian/module/menu/dao/sys_menuopt.xml" />
	<!-- 省市区联动 -->
	<sqlMap resource="com/qian/module/common/dao/location.xml" />
	<!-- 通用数据验证 -->
	<sqlMap resource="com/qian/module/common/dao/judge_data.xml" />
	
	<!-- 事项类型表 -->
	<sqlMap resource="com/qian/module/worktask/dao/wt_project_type.xml" />
	<!-- 事项表 -->
	<sqlMap resource="com/qian/module/worktask/dao/wt_worktask.xml" />
	<!-- 事项部门分配表 -->
	<sqlMap resource="com/qian/module/worktask/dao/wt_dept_task.xml" />
	<!-- 部门任务表 -->
	<sqlMap resource="com/qian/module/worktask/dao/wt_task_arrange.xml" />
	<!-- 协办单位任务表 -->
	<sqlMap resource="com/qian/module/worktask/dao/wt_assistunit.xml" />
	<!-- 部门任务进度更新表 -->
	<sqlMap resource="com/qian/module/worktask/dao/wt_dept_schedule.xml" />
	<!-- 任务执行表 -->
	<sqlMap resource="com/qian/module/worktask/dao/wt_task_execution.xml" />
	<!-- 任务暂存表 -->
	<sqlMap resource="com/qian/module/worktask/dao/wt_temporary_save.xml" />
	<!-- 任务提醒表 -->
	<sqlMap resource="com/qian/module/worktask/dao/wt_news_remind.xml" />
	<!-- 任务评价表 -->
	<sqlMap resource="com/qian/module/worktask/dao/wt_evaluate.xml" />
	<!-- 任务改期表 -->
	<sqlMap resource="com/qian/module/worktask/dao/wt_change_time.xml" />
	
</sqlMapConfig>
                                                                                      
