<!DOCTYPE sqlMap PUBLIC "-//ibatis.apache.org//DTD SQL Map 2.0//EN" "http://ibatis.apache.org/dtd/sql-map-2.dtd">
<sqlMap namespace="app.appVersionUp">
  
  <!--搜索 （）-->
  <select id="query" parameterClass="java.util.HashMap" resultClass="java.util.HashMap" remapResults="true">
     SELECT version_up_id, title, version_no, version_name, developer, publisher, available, location, u_explain, qr_code, publish_date 
     FROM app_version_up 
     WHERE 1 = 1 AND system_platform='A'
     <dynamic prepend="">
       <isNotNull property="version_up_id">
          <isNotEmpty property="version_up_id" prepend="AND"> version_up_id = #version_up_id# </isNotEmpty>
       </isNotNull>
       <isNotNull property="title">
          <isNotEmpty property="title" prepend="AND"> title = #title# </isNotEmpty>
       </isNotNull>
       <isNotNull property="version_no">
          <isNotEmpty property="version_no" prepend="AND"> version_no = #version_no# </isNotEmpty>
       </isNotNull>
       <isNotNull property="version_name">
          <isNotEmpty property="version_name" prepend="AND"> version_name = #version_name# </isNotEmpty>
       </isNotNull>
       <isNotNull property="developer">
          <isNotEmpty property="developer" prepend="AND"> developer = #developer# </isNotEmpty>
       </isNotNull>
       <isNotNull property="publisher">
          <isNotEmpty property="publisher" prepend="AND"> publisher = #publisher# </isNotEmpty>
       </isNotNull>
       <isNotNull property="available">
          <isNotEmpty property="available" prepend="AND"> available = #available# </isNotEmpty>
       </isNotNull>
       <isNotNull property="location">
          <isNotEmpty property="location" prepend="AND"> location = #location# </isNotEmpty>
       </isNotNull>
       <isNotNull property="u_explain">
          <isNotEmpty property="u_explain" prepend="AND"> u_explain = #u_explain# </isNotEmpty>
       </isNotNull>
       <isNotNull property="qr_code">
          <isNotEmpty property="qr_code" prepend="AND"> qr_code = #qr_code# </isNotEmpty>
       </isNotNull>
       <isNotNull property="publish_date">
          <isNotEmpty property="publish_date" prepend="AND"> publish_date = #publish_date# </isNotEmpty>
       </isNotNull>
     </dynamic>
     order by version_no desc
  </select>
  
  <!--创建 （）-->
  <insert id="create" parameterClass="java.util.HashMap">
    INSERT INTO app_version_up (version_up_id
    <dynamic prepend="">
        <isNotNull property="title">
	  <isNotEmpty property="title" prepend=",">title</isNotEmpty>
        </isNotNull>
        <isNotNull property="version_no">
	  <isNotEmpty property="version_no" prepend=",">version_no</isNotEmpty>
        </isNotNull>
        <isNotNull property="version_name">
	  <isNotEmpty property="version_name" prepend=",">version_name</isNotEmpty>
        </isNotNull>
        <isNotNull property="developer">
	  <isNotEmpty property="developer" prepend=",">developer</isNotEmpty>
        </isNotNull>
        <isNotNull property="publisher">
	  <isNotEmpty property="publisher" prepend=",">publisher</isNotEmpty>
        </isNotNull>
        <isNotNull property="available">
	  <isNotEmpty property="available" prepend=",">available</isNotEmpty>
        </isNotNull>
        <isNotNull property="location">
	  <isNotEmpty property="location" prepend=",">location</isNotEmpty>
        </isNotNull>
        <isNotNull property="u_explain">
	  <isNotEmpty property="u_explain" prepend=",">u_explain</isNotEmpty>
        </isNotNull>
        <isNotNull property="qr_code">
	  <isNotEmpty property="qr_code" prepend=",">qr_code</isNotEmpty>
        </isNotNull>
        <isNotNull property="publish_date">
	  <isNotEmpty property="publish_date" prepend=",">publish_date</isNotEmpty>
        </isNotNull>
    </dynamic>
    ) VALUES (#version_up_id#
    <dynamic prepend="">
        <isNotNull property="title">
           <isNotEmpty property="title" prepend=",">#title#</isNotEmpty>
        </isNotNull>
        <isNotNull property="version_no">
           <isNotEmpty property="version_no" prepend=",">#version_no#</isNotEmpty>
        </isNotNull>
        <isNotNull property="version_name">
           <isNotEmpty property="version_name" prepend=",">#version_name#</isNotEmpty>
        </isNotNull>
        <isNotNull property="developer">
           <isNotEmpty property="developer" prepend=",">#developer#</isNotEmpty>
        </isNotNull>
        <isNotNull property="publisher">
           <isNotEmpty property="publisher" prepend=",">#publisher#</isNotEmpty>
        </isNotNull>
        <isNotNull property="available">
           <isNotEmpty property="available" prepend=",">#available#</isNotEmpty>
        </isNotNull>
        <isNotNull property="location">
           <isNotEmpty property="location" prepend=",">#location#</isNotEmpty>
        </isNotNull>
        <isNotNull property="u_explain">
           <isNotEmpty property="u_explain" prepend=",">#u_explain#</isNotEmpty>
        </isNotNull>
        <isNotNull property="qr_code">
           <isNotEmpty property="qr_code" prepend=",">#qr_code#</isNotEmpty>
        </isNotNull>
        <isNotNull property="publish_date">
           <isNotEmpty property="publish_date" prepend=",">#publish_date#</isNotEmpty>
        </isNotNull>
    </dynamic>
    )
  </insert>
  
  <!--修改 （）-->
  <update id="modify" parameterClass="java.util.HashMap">
    UPDATE app_version_up SET version_up_id = #version_up_id#
    <dynamic prepend="">
        <isNotNull property="title">
           <isNotEmpty property="title" prepend=",">title = #title#</isNotEmpty>
        </isNotNull>
        <isNotNull property="version_no">
           <isNotEmpty property="version_no" prepend=",">version_no = #version_no#</isNotEmpty>
        </isNotNull>
        <isNotNull property="version_name">
           <isNotEmpty property="version_name" prepend=",">version_name = #version_name#</isNotEmpty>
        </isNotNull>
        <isNotNull property="developer">
           <isNotEmpty property="developer" prepend=",">developer = #developer#</isNotEmpty>
        </isNotNull>
        <isNotNull property="publisher">
           <isNotEmpty property="publisher" prepend=",">publisher = #publisher#</isNotEmpty>
        </isNotNull>
        <isNotNull property="available">
           <isNotEmpty property="available" prepend=",">available = #available#</isNotEmpty>
        </isNotNull>
        <isNotNull property="location">
           <isNotEmpty property="location" prepend=",">location = #location#</isNotEmpty>
        </isNotNull>
        <isNotNull property="u_explain">
           <isNotEmpty property="u_explain" prepend=",">u_explain = #u_explain#</isNotEmpty>
        </isNotNull>
        <isNotNull property="qr_code">
           <isNotEmpty property="qr_code" prepend=",">qr_code = #qr_code#</isNotEmpty>
        </isNotNull>
        <isNotNull property="publish_date">
           <isNotEmpty property="publish_date" prepend=",">publish_date = #publish_date#</isNotEmpty>
        </isNotNull>
    </dynamic>
    WHERE version_up_id = #version_up_id#
  </update>

  <!--删除 （）-->
  <update id="remove" parameterClass="java.util.HashMap">
    DELETE FROM app_version_up WHERE version_up_id = #version_up_id#
  </update>
</sqlMap>  