<!DOCTYPE sqlMap PUBLIC "-//ibatis.apache.org//DTD SQL Map 2.0//EN" "http://ibatis.apache.org/dtd/sql-map-2.dtd">
<sqlMap namespace="menu.sysMenuopt">
  
  <!--搜索 （谭文广）-->
  <select id="query" parameterClass="java.util.HashMap" resultClass="java.util.HashMap" remapResults="true">
     SELECT smo.menuopt_id, smo.menu_id, smo.opt_name, smo.opt_code, smo.opt_url, smo.is_menu_opt, smo.is_delete, smo.create_time ,sm.menu_name,
     sm.menu_level,sm.parent_id,sm.menu_link,sm.menu_code,sm.menu_type
     FROM mb_sys_menuopt smo
     left join mb_sys_menu sm on sm.menu_id=smo.menu_id
     WHERE smo.is_delete = 'N' and sm.is_delete = 'N' 
     <dynamic prepend="">
       <isNotNull property="menuopt_id">
          <isNotEmpty property="menuopt_id" prepend="AND"> smo.menuopt_id = #menuopt_id# </isNotEmpty>
       </isNotNull>
       <isNotNull property="menu_id">
          <isNotEmpty property="menu_id" prepend="AND"> smo.menu_id = #menu_id# </isNotEmpty>
       </isNotNull>
       <isNotNull property="menu_name">
          <isNotEmpty property="menu_name" prepend="AND"> sm.menu_name = #menu_name# </isNotEmpty>
       </isNotNull>
       <isNotNull property="menu_type">
          <isNotEmpty property="menu_type" prepend="AND"> sm.menu_type = #menu_type# </isNotEmpty>
       </isNotNull>
       <isNotNull property="opt_name">
          <isNotEmpty property="opt_name" prepend="AND"> smo.opt_name = #opt_name# </isNotEmpty>
       </isNotNull>
       <isNotNull property="opt_code">
          <isNotEmpty property="opt_code" prepend="AND"> smo.opt_code = #opt_code# </isNotEmpty>
       </isNotNull>
       <isNotNull property="opt_url">
          <isNotEmpty property="opt_url" prepend="AND"> smo.opt_url = #opt_url# </isNotEmpty>
       </isNotNull>
       <isNotNull property="is_menu_opt">
          <isNotEmpty property="is_menu_opt" prepend="AND"> smo.is_menu_opt = #is_menu_opt# </isNotEmpty>
       </isNotNull>
       <isNotNull property="is_delete">
          <isNotEmpty property="is_delete" prepend="AND"> smo.is_delete = #is_delete# </isNotEmpty>
       </isNotNull>
       <isNotNull property="create_time">
          <isNotEmpty property="create_time" prepend="AND"> smo.create_time = #create_time# </isNotEmpty>
       </isNotNull>
     </dynamic>
	 order by sm.menu_level asc,sm.menu_sequence asc,smo.is_menu_opt desc
  </select>
  
  <!--创建 （谭文广）-->
  <insert id="create" parameterClass="java.util.HashMap">
    INSERT INTO mb_sys_menuopt (menuopt_id
    <dynamic prepend="">
        <isNotNull property="menu_id">
	  <isNotEmpty property="menu_id" prepend=",">menu_id</isNotEmpty>
        </isNotNull>
        <isNotNull property="opt_name">
	  <isNotEmpty property="opt_name" prepend=",">opt_name</isNotEmpty>
        </isNotNull>
        <isNotNull property="opt_code">
	  <isNotEmpty property="opt_code" prepend=",">opt_code</isNotEmpty>
        </isNotNull>
        <isNotNull property="opt_url">
	  <isNotEmpty property="opt_url" prepend=",">opt_url</isNotEmpty>
        </isNotNull>
        <isNotNull property="is_menu_opt">
	  <isNotEmpty property="is_menu_opt" prepend=",">is_menu_opt</isNotEmpty>
        </isNotNull>
        <isNotNull property="is_delete">
	  <isNotEmpty property="is_delete" prepend=",">is_delete</isNotEmpty>
        </isNotNull>
        <isNotNull property="create_time">
	  <isNotEmpty property="create_time" prepend=",">create_time</isNotEmpty>
        </isNotNull>
    </dynamic>
    ) VALUES (#menuopt_id#
    <dynamic prepend="">
        <isNotNull property="menu_id">
           <isNotEmpty property="menu_id" prepend=",">#menu_id#</isNotEmpty>
        </isNotNull>
        <isNotNull property="opt_name">
           <isNotEmpty property="opt_name" prepend=",">#opt_name#</isNotEmpty>
        </isNotNull>
        <isNotNull property="opt_code">
           <isNotEmpty property="opt_code" prepend=",">#opt_code#</isNotEmpty>
        </isNotNull>
        <isNotNull property="opt_url">
           <isNotEmpty property="opt_url" prepend=",">#opt_url#</isNotEmpty>
        </isNotNull>
        <isNotNull property="is_menu_opt">
           <isNotEmpty property="is_menu_opt" prepend=",">#is_menu_opt#</isNotEmpty>
        </isNotNull>
        <isNotNull property="is_delete">
           <isNotEmpty property="is_delete" prepend=",">#is_delete#</isNotEmpty>
        </isNotNull>
        <isNotNull property="create_time">
           <isNotEmpty property="create_time" prepend=",">#create_time#</isNotEmpty>
        </isNotNull>
    </dynamic>
    )
  </insert>
  
  <!--修改 （谭文广）-->
  <update id="modify" parameterClass="java.util.HashMap">
    UPDATE mb_sys_menuopt SET menuopt_id = #menuopt_id#
    <dynamic prepend="">
        <isNotNull property="menu_id">
           <isNotEmpty property="menu_id" prepend=",">menu_id = #menu_id#</isNotEmpty>
        </isNotNull>
        <isNotNull property="opt_name">
           <isNotEmpty property="opt_name" prepend=",">opt_name = #opt_name#</isNotEmpty>
        </isNotNull>
        <isNotNull property="opt_code">
           <isNotEmpty property="opt_code" prepend=",">opt_code = #opt_code#</isNotEmpty>
        </isNotNull>
        <isNotNull property="opt_url">
           <isNotEmpty property="opt_url" prepend=",">opt_url = #opt_url#</isNotEmpty>
        </isNotNull>
        <isNotNull property="is_menu_opt">
           <isNotEmpty property="is_menu_opt" prepend=",">is_menu_opt = #is_menu_opt#</isNotEmpty>
        </isNotNull>
        <isNotNull property="is_delete">
           <isNotEmpty property="is_delete" prepend=",">is_delete = #is_delete#</isNotEmpty>
        </isNotNull>
        <isNotNull property="create_time">
           <isNotEmpty property="create_time" prepend=",">create_time = #create_time#</isNotEmpty>
        </isNotNull>
    </dynamic>
    WHERE menuopt_id = #menuopt_id#
  </update>

  <!--删除 （谭文广）-->
  <update id="remove" parameterClass="java.util.HashMap">
    <!-- DELETE FROM mb_sys_menuopt WHERE menuopt_id = #menuopt_id# -->
    update mb_sys_menuopt set is_delete='Y' WHERE menuopt_id = #menuopt_id# 
  </update>
</sqlMap>  