<!DOCTYPE sqlMap PUBLIC "-//ibatis.apache.org//DTD SQL Map 2.0//EN" "http://ibatis.apache.org/dtd/sql-map-2.dtd">
<sqlMap namespace="menu.sysMenu">
  
  <!--搜索 （谭文广）-->
  <select id="query" parameterClass="java.util.HashMap" resultClass="java.util.HashMap" remapResults="true">
     SELECT menu_id,menu_name, menu_code, parent_id, menu_type, menu_link, menu_level, menu_sequence, remark, is_delete, create_time FROM mb_sys_menu 
     WHERE is_delete = 'N' 
     <dynamic prepend="">
       <isNotNull property="menu_id">
          <isNotEmpty property="menu_id" prepend="AND"> menu_id = #menu_id# </isNotEmpty>
       </isNotNull>
       <isNotNull property="menu_name">
          <isNotEmpty property="menu_name" prepend="AND"> menu_name = #menu_name# </isNotEmpty>
       </isNotNull>
       <isNotNull property="menu_code">
          <isNotEmpty property="menu_code" prepend="AND"> menu_code = #menu_code# </isNotEmpty>
       </isNotNull>
       <isNotNull property="parent_id">
          <isNotEmpty property="parent_id" prepend="AND"> parent_id = #parent_id# </isNotEmpty>
       </isNotNull>
       <isNotNull property="menu_type">
          <isNotEmpty property="menu_type" prepend="AND"> menu_type = #menu_type# </isNotEmpty>
       </isNotNull>
       <isNotNull property="menu_link">
          <isNotEmpty property="menu_link" prepend="AND"> menu_link = #menu_link# </isNotEmpty>
       </isNotNull>
       <isNotNull property="menu_level">
          <isNotEmpty property="menu_level" prepend="AND"> menu_level = #menu_level# </isNotEmpty>
       </isNotNull>
       <isNotNull property="menu_sequence">
          <isNotEmpty property="menu_sequence" prepend="AND"> menu_sequence = #menu_sequence# </isNotEmpty>
       </isNotNull>
       <isNotNull property="remark">
          <isNotEmpty property="remark" prepend="AND"> remark = #remark# </isNotEmpty>
       </isNotNull>
       <isNotNull property="is_delete">
          <isNotEmpty property="is_delete" prepend="AND"> is_delete = #is_delete# </isNotEmpty>
       </isNotNull>
       <isNotNull property="create_time">
          <isNotEmpty property="create_time" prepend="AND"> create_time = #create_time# </isNotEmpty>
       </isNotNull>
     </dynamic>
	 order by menu_type,menu_level,menu_sequence  
  </select>
  
  <!--创建 （谭文广）-->
  <insert id="create" parameterClass="java.util.HashMap">
    INSERT INTO mb_sys_menu (menu_id
    <dynamic prepend="">
        <isNotNull property="menu_name">
	  <isNotEmpty property="menu_name" prepend=",">menu_name</isNotEmpty>
        </isNotNull>
        <isNotNull property="menu_code">
	  <isNotEmpty property="menu_code" prepend=",">menu_code</isNotEmpty>
        </isNotNull>
        <isNotNull property="parent_id">
	  <isNotEmpty property="parent_id" prepend=",">parent_id</isNotEmpty>
        </isNotNull>
        <isNotNull property="menu_type">
	  <isNotEmpty property="menu_type" prepend=",">menu_type</isNotEmpty>
        </isNotNull>
        <isNotNull property="menu_link">
	  <isNotEmpty property="menu_link" prepend=",">menu_link</isNotEmpty>
        </isNotNull>
        <isNotNull property="menu_level">
	  <isNotEmpty property="menu_level" prepend=",">menu_level</isNotEmpty>
        </isNotNull>
        <isNotNull property="menu_sequence">
	  <isNotEmpty property="menu_sequence" prepend=",">menu_sequence</isNotEmpty>
        </isNotNull>
        <isNotNull property="remark">
	  <isNotEmpty property="remark" prepend=",">remark</isNotEmpty>
        </isNotNull>
        <isNotNull property="is_delete">
	  <isNotEmpty property="is_delete" prepend=",">is_delete</isNotEmpty>
        </isNotNull>
        <isNotNull property="create_time">
	  <isNotEmpty property="create_time" prepend=",">create_time</isNotEmpty>
        </isNotNull>
    </dynamic>
    ) VALUES (#menu_id#
    <dynamic prepend="">
        <isNotNull property="menu_name">
           <isNotEmpty property="menu_name" prepend=",">#menu_name#</isNotEmpty>
        </isNotNull>
        <isNotNull property="menu_code">
           <isNotEmpty property="menu_code" prepend=",">#menu_code#</isNotEmpty>
        </isNotNull>
        <isNotNull property="parent_id">
           <isNotEmpty property="parent_id" prepend=",">#parent_id#</isNotEmpty>
        </isNotNull>
        <isNotNull property="menu_type">
           <isNotEmpty property="menu_type" prepend=",">#menu_type#</isNotEmpty>
        </isNotNull>
        <isNotNull property="menu_link">
           <isNotEmpty property="menu_link" prepend=",">#menu_link#</isNotEmpty>
        </isNotNull>
        <isNotNull property="menu_level">
           <isNotEmpty property="menu_level" prepend=",">#menu_level#</isNotEmpty>
        </isNotNull>
        <isNotNull property="menu_sequence">
           <isNotEmpty property="menu_sequence" prepend=",">#menu_sequence#</isNotEmpty>
        </isNotNull>
        <isNotNull property="remark">
           <isNotEmpty property="remark" prepend=",">#remark#</isNotEmpty>
        </isNotNull>
        <isNotNull property="is_delete">
           <isNotEmpty property="is_delete" prepend=",">#is_delete#</isNotEmpty>
        </isNotNull>
        <isNotNull property="create_time">
           <isNotEmpty property="create_time" prepend=",">#create_time#</isNotEmpty>
        </isNotNull>
    </dynamic>
    )
  </insert>
  
  <!--修改 （谭文广）-->
  <update id="modify" parameterClass="java.util.HashMap">
    UPDATE mb_sys_menu SET menu_id = #menu_id#
    <dynamic prepend="">
        <isNotNull property="menu_name">
           <isNotEmpty property="menu_name" prepend=",">menu_name = #menu_name#</isNotEmpty>
        </isNotNull>
        <isNotNull property="menu_code">
           <isNotEmpty property="menu_code" prepend=",">menu_code = #menu_code#</isNotEmpty>
        </isNotNull>
        <isNotNull property="parent_id">
           <isNotEmpty property="parent_id" prepend=",">parent_id = #parent_id#</isNotEmpty>
        </isNotNull>
        <isNotNull property="menu_type">
           <isNotEmpty property="menu_type" prepend=",">menu_type = #menu_type#</isNotEmpty>
        </isNotNull>
        <isNotNull property="menu_link">
           <isNotEmpty property="menu_link" prepend=",">menu_link = #menu_link#</isNotEmpty>
        </isNotNull>
        <isNotNull property="menu_level">
           <isNotEmpty property="menu_level" prepend=",">menu_level = #menu_level#</isNotEmpty>
        </isNotNull>
        <isNotNull property="menu_sequence">
           <isNotEmpty property="menu_sequence" prepend=",">menu_sequence = #menu_sequence#</isNotEmpty>
        </isNotNull>
        <isNotNull property="remark">
           <isNotEmpty property="remark" prepend=",">remark = #remark#</isNotEmpty>
        </isNotNull>
        <isNotNull property="is_delete">
           <isNotEmpty property="is_delete" prepend=",">is_delete = #is_delete#</isNotEmpty>
        </isNotNull>
        <isNotNull property="create_time">
           <isNotEmpty property="create_time" prepend=",">create_time = #create_time#</isNotEmpty>
        </isNotNull>
    </dynamic>
    WHERE menu_id = #menu_id#
  </update>

  <!--1、删除 （谭文广）-->
  <update id="remove" parameterClass="java.util.HashMap">
    <!-- DELETE FROM mb_sys_menu WHERE menu_id = #menu_id# -->
    update mb_sys_menu set is_delete='Y' WHERE menu_id = #menu_id# or parent_id = #menu_id# 
  </update>
  <!--2、删除菜单操作 （谭文广）-->
  <update id="removeMenuoptBymenuId" parameterClass="java.util.HashMap">
    update mb_sys_menuopt set is_delete='Y' WHERE menu_id = #menu_id# 
  </update>
  
</sqlMap>  