<!DOCTYPE sqlMap PUBLIC "-//ibatis.apache.org//DTD SQL Map 2.0//EN" "http://ibatis.apache.org/dtd/sql-map-2.dtd">
<sqlMap namespace="common.location">
  
  <!--查找所有省份(赖海枢)-->
  <select id="queryProvince" resultClass="java.util.HashMap" remapResults="true">
     SELECT province_name FROM base_local_province
  </select>
  
  <!-- 根据省份查找城市（赖海枢） -->
  <select id="queryCity" parameterClass="String" resultClass="java.util.HashMap" remapResults="true">
     SELECT city_name FROM base_local_city WHERE province_name = #province_name#
  </select>
  
  <!-- 根据城市查找县区（赖海枢） -->
  <select id="queryArea" parameterClass="String" resultClass="java.util.HashMap" remapResults="true">
     SELECT area_name FROM base_local_area WHERE city_name = #city_name#
  </select>
  
  
  <!-- 根据ID查询附件信息（twg） -->
  <select id="queryAttr" parameterClass="java.util.HashMap" resultClass="java.util.HashMap" remapResults="true">
     SELECT $attr_url$ FROM $table_name$ WHERE $id_name$ = #id#
  </select>
  <!--删除附件 （twg）-->
  <update id="removeAttr" parameterClass="java.util.HashMap">
    UPDATE $table_name$ SET $attr_name$ = NULL , $attr_url$ = NULL
	WHERE $id_name$ = #id#
  </update>
  
</sqlMap>  